id,matched_sentences,prob,target,name,matched_prob,keywords
2b755672-1c04-4574-b0aa-e445bca64841,"不是这个意思
我不是说这个
你没理解我的意思
听不懂我说的话吗
不是这样子的
你在说什么啊
什么乱七八糟的
完全不理解你的话
我说东你说西
有没有搞错啊
你有在听我说吗
听得懂人话吗
我跟你都不在一个频道
是这样的好吗
听不懂是不是
能不能理解了
你的回答不是我要的
我不是这个意思
我的话你是不是没听明白啊
你还要我重复一遍吗
你有没有在听我的问题
你说的是什么，我听不懂
你能把我的问题再重复一遍吗
我说的你怎么就不明白呢
你知道我的意思是什么吗
你把我的问题回答错了
我可没这么问过哦
我有说这个问题吗
你是不是说偏了
我说东你扯西
我想表达的意思应该是这个
停，我说的可不是这个
你说的不对吧
听你说的我怎么越来越糊涂了
我打断一下你，我的意思很明白了
你懂我说什么吗
你明白我的意思吗
你怎么就是不懂呢
我表达没问题吧
我问的是这个吗
听不懂人话吗
你是不是专业的
我讲的还不清楚吗
我讲的不是这个
我们探讨的不是这个
我纠结的不是这个
我只想弄明白…，你不用..
谢谢你告诉了我不想要的
我们沟通没有任何意义
我跟你白讲了吗
只要回答我的问题就行
你只要回答是或者不是
我问什么你就答什么
哎呀，你还是没听懂
你是故意呛我么
我的话你听不懂么
你有没有在听我说话
你是不是觉得我是个小客户就看不起我
你到底是不是客服
你到底是干么的
我说的这么简单，你还没懂
找你们领导给我回电
你停下，我来说
你业务是不是不熟悉，这个都不明白
我说的是这个，不是你说的那个
你怎么这么笨，会不会接电话
我觉得你就是属猪的，我都重复这么多次
我不想跟你聊了，你真让我无语
你真的太蠢了，聊不下去
请正面回答我的问题
你没有听懂我说的
我不是这个意思
我问的不是这个
你说的不对吧
我问剩余额度
你这给我说的是什么呢
我问的，你答的不对
我说的不是这个，你再查查
你能认真听一下我说的吗
你说的太复杂了
你是新来的吧
听不懂就换个人
你这样字说，还是没解决我的问题
你是新来的吧
我再重复一下我的问题
如果你不会让你领导来接
我重新复述下我的问题
我说了几次了
你有没有认真在听
你没有明白我的意思吗
我不是要问这个问题
为什么你一直不懂我的意思
你说的是我这张卡的业务吗
我重新打电话还个人接吧
你难道没听懂？
我讲的是普通话呀
你能耐心听我所讲的业务再解答可以吗
牛头不对马嘴
你是怎么当客服的，没经过培训吗
听不懂中国话呀
你跟我说了半天，不是我要的
你没睡醒吧，要不怎么听不懂
我怎样才能跟你说明白我的问题
我讲的是普通话呀
你能耐心听我所讲的业务再解答可以吗
你说的根本不是我想问的
你能不能回答我的问题
不是这个活动
你怎么听不懂呢
你给我换个人
你自己去听一下你刚才说的话，牛头不对马嘴
你知道你在说什么吗？
姑娘，我听不懂
你就告诉我是不是
听清楚了吗？
你没带脑子啊
我问的这个，你就非给我回答那个！
你跟我在这扯呢
你没有明白我的问题吗？
不是你理解的这样
我没有表达清楚吗？
我再说一次我的意思！
你能认真听我说什么吗？
跟你真的没法沟通了，麻烦换个人吧
你能解决我说的问题吗
你是新来的吧，我说了这么多都听不懂
你有在听我说话吗
真是够了，怎么碰到你这样的客服，完全是对牛弹琴
你不懂就不要乱回答
算了，反正你也不懂，跟你说下去也是浪费时间
你耳朵有问题吗
你确定听懂了我的问题吗
你刚刚干啥去了，我都白说了吗
你的业务不熟吗
你到底在说什么？是我没数清楚吗
麻烦你先去听听我说了什么再来回答我
你完全都不知道我的需求，找你们经理来跟我沟通吧
你有没有在听我说话？
我不是这个意思
我刚才说什么了？
你有没有听到我说什么
你耳朵聋了吗？
你新来的吧？
你别给我打马虎眼
什么 什么 什么
什么乱七八糟的
你咋比我还糊涂
能不能搞清楚我的问题
你还不清楚吗？
跟你沟通咋那么费劲呢？
我再说一遍我的问题是
你耳朵塞驴毛了？
搞不懂你在说什么
不是这个意思
你不合适这份工作
你的聆听力有问题
我不需要这个
我怎么听不明白你说的
你是不是傻我说什么你听不懂？
你到底有没有理解我的需求
我也是懒得再说一遍
你在开玩笑吗
我对你的理解力无语了
行吧随便你怎么说
好了好了就这样吧
你压根没解释清楚
你说的我听不懂
算了算了换个人
麻烦你先想想再说好吗？
你有没有仔细听我说的什么
我不是要查这个
你说的什么玩意
你能不能行了
你听不懂就换个人接
我不想和你说了，你根本听不明白
你可能没听清我说的什么
我再把问题重新说一次
你都在说什么鬼
耳朵没毛病吧
你根本没有理解我说的
可以换个人接吗
你说的这些都没有我要的
我已经说的很清楚了吧
你是不是才工作
你是不是新来的
你在回答我说的吗
怎么招了这种听不懂话的人
你能不能听懂
你怎么还是听不懂
你是新来的把，什么都不懂
换个人接，我说的你都不知道
我已经说了很多遍了
我已经不想再说一次，你自己听录音吧
你不会就换人接
我说的你还不清楚吗
你自己去想想吧
是你没有认真听啊
你查的不对吧
你说的是错的
你根本就没有听懂我说的是什么
你能好好听我说吗
你说的是我说的这个问题吗
你讲的是真的吗
能正面回答我的问题吗
能好好说话吗
你说的是什么玩样啊
你不明白我说什么吗
我说的不是这个意思
这不是我的想法啊
你说的什么乱七八糟的，都不是我问的
我说话你听不懂啊
你是不是没有听我说什么
你理解是不是有问题
我问的是这个吗
你是不是不知道在这瞎说呢
我不用你说这么多，我只要知道是什么时候前刷够
你是不是有病啊
你能不能好好学学人家招商银行
你是不是没好好培训
你工作能力这么差吗
你吃错药了吧
你还能不能明白我的意思了
你是不是查错了
你要不然换个人吧
你很热情用心，但是你怕是个弱智吧
我问欠款多少钱
你听没听懂我的问题
能不能换个人接电话
你怎么就听不懂呢
不想听你说了
能不能简单点说
你的回答不是我要的
我不是这个意思
我的话你是不是没听明白啊
你还要我重复一遍吗
你有没有在听我的问题
你说的是什么，我听不懂
你能把我的问题再重复一遍吗
我说的你怎么就不明白呢
你知道我的意思是什么吗
你把我的问题回答错了
我可没这么问过哦
我有说这个问题吗
你是不是说偏了
我说东你扯西
我想表达的意思应该是这个
停，我说的可不是这个
你说的不对吧
听你说的我怎么越来越糊涂了
我打断一下你，我的意思很明白了
加急怎么加急
你们就这样的态度是吧
上天了，都没有老百姓的活路了
跟我有关系吗
什么叫我自己
我看我也没享受到过
我这个月账单不是出来了吗
要改一下这个月怎么弄
你们不是有记录吗，看一下不就知道了
有记录看一下不就行了吗
听不懂人话吗/听不懂普通话吗
你们银行就是诈骗
我不要了还不行
需不需要告诉你们一下
明天就不用再来电话了呗
到底是什么问题嘛
应该怎么做，你们要通知啊
你们中信怎么搞成这样，这样以后谁敢用
像这种情况怎么做嘛
为啥你们打电话不给我说清楚呢
怎么弄怎么投诉
你们糊弄人嘛，不说清楚
还少了差了就赖你啊
你知道这个事吗？
我的意思是。。。
我问的是。。。
你没有明白我的意思
我是说。。。
你还是没有理解我说的 
我再说一遍，你仔细听一下
我没问你。。。
你听不懂人话吗？换一个人客服好吗
你是新来的吗，这都不懂
我说了三遍了，你有在听吗
我不想跟你说话了
真被你打败了
这有这么难理解吗
你还是没有听明白，我再说一遍
是你理解有问题，还是我没有说明白
你说的都是什么乱七八糟的东西
你耳朵是聋了吗
什么什么东西
跟你沟通怎么这么费劲呢
你懂我说什么吗
你明白我的意思吗
你怎么就是不懂呢
我表达没问题吧
我问的是这个吗
听不懂人话吗
你是不是专业的
我讲的还不清楚吗
我讲的不是这个
我们探讨的不是这个
我纠结的不是这个
我只想弄明白…，你不用..
谢谢你告诉了我不想要的
我们沟通没有任何意义
我跟你白讲了吗
只要回答我的问题就行
你只要回答是或者不是
我问什么你就答什么
你没有明白我的意思
我不是查询账单
我都不懂你在说什么
我问的是账单，不是额度
你在说什么，你听清我问什么了吗
怎么搞的，我都说好几次了，还不知道
你是不是专业的
你到底知不知道
你还没有解答我的问题
你不懂，不知道，就给我换人
你怎么在听的，我刚刚问的什么
真不知道你们怎么培训的，这么简单的业务，都十几分钟了还没有解答
我怀疑你根本没有听我说话
都说多少次了，还听不懂
我的普通话有这么不标准吗，你这么难理解
我不是问这个问题
您没懂我的意思
您还不明白吗
我不是这个意思
是不是新来的
大哥 我说了好多遍了
你听不懂普通话吗
你是来和我搞笑的吗
我再讲一次，如果听不清楚就换个人吧
你耳朵有问题？
你好好想想我说的什么意思
是不是我说的不明白啊
我再给你说一下
我不是这个意思
你说的我也不懂
你在吗？听清楚了吗？
你自己听听录音吧
你听不懂，找个能听懂的吧
你是听不明白人话吗
天啊，这都不明白
你说了半天都不是我想要的
不是，你听懂我说的了吗？
不是，我的意思是说…
你还没明白我的意思，我是说…
我再跟你说一遍
你到底明不明白我的意思呀
听清楚了吗？
你回电之前有没有听以前的电话呀？
回听了，你还不知道我说什么呀？
我说的是可用额度不是总额度
我要查的是总欠款不是当期账单
能听懂人话不
真是牛头不对马嘴呀
我刚问的是这个么，我问的是…
你再回想一下我刚问的问题吧
你怎么就不明白我的意思呢
你再重复一下我刚说什么了
我就没问这个
你这个不是答非所问嘛~
你有没有明白我的意思
你正面回应我的问题可以吗？
我问什么你答什么就可以，不要说其他的
你在说什么呢，我说的不是这个
你到底有没有听清我的话
你知不知道你在说什么
我怎么觉得跟你无法沟通呢？
是我表达有问题还是你理解有问题
你别给我扯别的，现在就给我解答这个问题就可以
你到底行不行，不行给我换个人
是地区问题吗？我怎么理解不了你们南方人的话呢
我已经重复几遍了，你听明白没有
是要我再重复我的问题吗？
我从来没有觉得跟一个人沟通这么费劲
我跟你沟通有障碍
算了，我没有办法跟你沟通
请你再重复一遍我的需求
我再说一遍，你仔细听好
我真是在对牛弹琴
我说了这么多你是完全没听懂是吗？
我说的不是这个意思
你都没听明白我的话
你能不能听明白再回答我
你没有解决我的问题
都不知道你在说什么
哎啊，你们换个能说明白的人来
你是不是听不懂人说话
你是新来的把
说了那么久我们不在同一频道上
我不想跟你说了
跟你说话都被气死了
你说你是不是傻逼
你都答非所问
你到底明白我说什么没有？
我说的有那么难理解吗？
你的理解能力是不是有问题？
你是没有用心听我说是吗？
你说你怎么回事啊，我说的还不够明白吗？
你能不能不要扯别的，你就告诉我是不是就行了
小伙子，难道你不明白我说什么吗
我说的不是这个意思，你傻吗?
这不是我的想法啊,你听懂了吗
你说什么呢？
我说话你听不懂啊，要不要再说一遍
你是不是没有听我说什么，咋那么烦人
你理解是不是有问题，猪吗
我问的不是这个
你是不是不知道在这瞎说呢，找你们领导
我不用你说这么多，我只要知道是什么时候前刷够
你是不是有病啊，我说的是这个意思吗
你能不能好好学学人家交通银行，客服素质真高
你是不是没好好培训，实习生吧，我问的是这个吗
你工作能力这么差吗，算个数这么长时间，还不是我问的
你再说一遍，问的是这个吗
你是不是傻，你把我的问题再说一遍
你还能不能明白我的意思了
别说了，让您们领导回复
你要不然换个人吧，听不懂您说什么
你说的是什么玩意儿
通话有录音跟我有什么关系！
你到底能不能听懂我什么意思？
你都在说什么，你有上岗资格吗？
怎么我说的不是普通话吗，你为什么听不懂！
你大学毕业了吗，你坐这儿接电话，你整不明白！
你听都听不明白，你当什么客服？
能我问什么，你就回答什么吗？
我问的A，你就非给我回答B！
你带脑子上班了吗，你自己听听你说的都是啥！
我问的根本不是这个意思好吗！
你跟我说了半天，你目的是什么？
你们那个客服是不是听不懂人话？
我还是听不明白！
你现在说的我完全听不明白！
你现在回答我的跟我的疑问完全没有关系，好吗？
我觉得我说的已经很清楚了，你回答的驴唇不对马嘴！
怎么了，你没听懂啊，没明白我的意思吗？
我就不明白了，这么点破事儿，你怎么就能理解错呢？
谁让你给我查欠款了，我说给我查额度！
我最后再说一遍，你要再不回答我的问题，你就给我换人吧！
是你傻还是我傻呀，难道我问问题我还问错了吗？
我问一句，你就答一句，别东扯西扯的
你到底能不能听懂我说的啊
我问的是这个，你别跟我扯其他的进来好吗 
我纠结的不是这个问题 
我表达没问题啊，你怎么就不明白我要查的呢 
跟你白讲了，你找你们主管接电话 
我再跟你将最后一遍，你不懂就问你们主管去 
你到底有没有认真听我说话，听懂了再回答我 
你是不是刚来的啊，怎么我问的，你要查那么久
能不能直接回答我的问题，不要跟我解释那么多
我要的不是这个，你再好好查下
我问的是这个问题，你告诉我的你肯定是对的吗？
算了，不跟你讲了，我重新再打电话算了 
你能别着急跟我解释吗，你能查清楚再回答我吗？
跟我换个人，我不想浪费我的时间
你业务不熟，怎么就上岗了，找你们领导赶紧给我回电 
到底是我的问题，还是你的问题，你能查清楚再回答我吗 
我就告诉我，对还是不对，我不想听你解释其他的
我说的那么简单，你居然告诉我其他的我不想要的
你到底是不是客服，不懂就别接我电话，赶紧给我换一个专业客服来 
你还是没听我我的意思，我再说一遍
我已经说了很多遍了
你到底能不能听明白
你赶紧给我换个人，我不想再跟你沟通了
你怎么就听不明白呢
我跟你说话可累死了
你能不能听懂，听不懂赶紧给我换个人
我再重复一遍，你听清楚了
你到底会不会
我都说了这么半天了你还没明白呢
你没带耳朵上班吗
你这理解能力我真是服了
你语文是体育老师教的吗
你听不懂人话吗
我刚刚已经说的很清楚了你到底有没有在听
你把我说的话当放屁了是么
我说的话有这么难理解吗
你怎么那么笨啊！我不是这个意思
你是新员工吗？怎么听不懂人话呢？
我都说了，我不是这个意思，都说了很多遍了
你要是听不懂人话，你换一个人来接
你有培训过吗？怎么都听不懂呢？
我都说了很多遍了，你会不会这个业务了
你要是不会这个业务，你能不能给我换一个人啊！
你怎么还没有懂啊！
你到底会不会啊！怎么我问东你答西啊！
你是听不懂人话吗？
你怎么总不回答重点啊？
你怎么回事啊？能不能解决我的问题了啊？
你理解是不是有问题啊？
你不知道在这瞎说啊？
你会打字吗？你要是听不懂人话，就把我的话，写下来？
你蠢啊！会不会重复问题了？
我真的不知道是你的智商有问题还是怎么了？怎么就听不懂人话了呢？
你连复述个话都不会啊？中信怎么有你这样的客服啊？
你说的是什么跟个什么啊？瞎说吗？
我是时间要收费的啊？你懂不懂普通话了，不懂给我交学费，我教你普通话？
你没有听懂我说的
我不是这个意思
我问的不是这个
你说的不对吧
我问剩余额度
你这给我说的是什么呢
我问的，你答的不对
我说的不是这个，你再查查
你能认真听一下我说的吗
你说的太复杂了
你是新来的吧
听不懂就换个人
你这样字说，还是没解决我的问题
客户问升级额度是否变化，同事只告知：此次升级，主要是给您的服务提升，额度的话，只要您后期保持良好用卡，符合调整，我行会主动调整。
我说的你怎么就不明白呢
不是，你没理解我的意思，你听我说
我问的不是这个
你先听我说好吧
你就没理解我说的，听我说好吧
说的都是些什么啊
简直胡说八道
你胡说/瞎扯
你就说对不对，别给我整这有的没的
是不是就就一句话
我都怀疑我是不是打错电话了，是你们中信银行是吧
你是客服吧？怎么说出的话完全不是我要的
新来的？实习生？
你再说一次，我问的是这个问题
认真回答一下我的问题
带着脑子说话行吗
你没明白我的意思
哎呀，说了这么久，你怎么就是不懂呢 
我不想和你说了，给我换个人
你在听我说么？
听到我说什么么？
是我普通话不标准么？
不是，我不是这个意思
你来上班多久了，你怎么连客户问什么都听不懂
我说话你怎么听不懂呢
啊，你再说什么啊
你听不懂普通话么
你是怎么上岗的，连话都听不懂
不是啊，我刚说的是XXX
你能不能听明白我的意思，和你说话怎么那么费劲
能理解人话吗？
你是新来的吧，怎么这么久还是说不明白
怎么怎么说，你就是不明白呢
不是，我的意思是
你在说什么东西啊？
我的意思是说
你能不能听懂了再说？
你在想什么呢？我的意思是
你不懂就别瞎说好不好?
能换个专业的人来接电话吗？
你别跟我扯些不相干的事情？
你行不行啊？不行赶紧换人
听不懂人话吗？
我再说最后一次，你听清楚了
你要我说多少遍，你才能听懂？
我真是服了你了？
你怎么这么蠢啊？
浪费我这么久的时间？
白跟你讲了这么多遍
你要是听不懂，你早说啊？
你知道我在说什么吗？
不是，我说的是……
你听不懂话吗
你怎么就不明白呢
别说些没用的我都知道
你就直接说我到底应该怎么办
我都说了几遍了
你说些啥呢你知道我问的什么吗
你说的跟我温暖的有什么关系吗
你是不是太不专业了我问的是……
你说的不是我想要的答案
是我没说清楚吗你怎么就听不懂呢
你说的什么乱七八糟的
你知道我问的什么吗就东扯西扯的
停停停，我的意思你根本没有明白
我再说一遍啊你听清我说的啥
真的是不想跟你说了，问啥都不知道
我不是这个意思，我想说的是……
行了你别说了，你都不知道我问的什么
你这是在浪费我时间，我都重复了好几遍了
你根本就什么都不懂，说的什么鬼
不明白我问的什么吗
你有没有听我说话
我问的不是这个
你怎么就不明白呢
说不明白给我换个人
你知不知道我问的啥
不是，是这期账单
我再问你一遍
我刚问的不是这个
接电话呢，梦游呢
你这个工作做的不行
我还得再重新讲是吧
不是这样的，我的意思是
你知道你说的啥嘛
我不想再重复我的问题了
算了不问了，也说不明白
我自己查吧，你也不知道
你的理解能力怎么那么差？
你能听懂人话吗？
我的表达能力有那么差吗？
你是不是智商有点问题？
你能听清楚我说什么吗？
能不能换个人
你知道我要办理什么业务吗？
你不要胡说八道
你能认真听我说吗？
你的业务解答不是我要的
我都被你绕晕
你说那么多，重点是什么
你怎么一句话来回说
你是新来的吗？业务那么差
你有在听我说话吗？
跟你沟通怎么这么费劲？
你这个人说话有问题
能不能说重点
你怎么还是不懂呢
你有在听我说么
你说的我没懂
你是不是新来的
我说的不是这个意思
不是，我是要
你没理解我的意思
说了那么久怎么都不在一条线上
你在说什么啊
跟你沟通太费劲
你没听懂我的意思
我要办理什么业务你没听到么
你能说人话么
换一个人可以吗
你是新来的吧
说了半天还没明白
哎，不想说了
我说了好几遍了
不是这个意思
你听不懂吗？
你没带耳朵出门？
我再和你说一次
没法和你沟通，换人
和你说话真费劲
你没有GET到我的点
我去，你能听懂人话吗
你业务太差，对牛弹琴，我要换人
你先听我说完，不要答非所问
算了，我重新打吧
和你说了也白说，你都听不懂
能听懂人话吗
 我再重复一遍，麻烦用你的脑子记
 你再说什么，一句听不懂
我不是这个意思，我是说
你是不是理解有问题
 我刚刚说了一遍，你听不懂吗
麻烦换人沟通，你业务太差，浪费时间
你有没有在听我说话？
我不是这个意思
我刚才说什么了？
你有没有听到我说什么
你耳朵聋了吗？
你新来的吧？
你别给我打马虎眼
什么 什么 什么
什么乱七八糟的
你咋比我还糊涂
能不能搞清楚我的问题
你还不清楚吗？
跟你沟通咋那么费劲呢？
我再说一遍我的问题是
你耳朵塞驴毛了？
搞不懂你在说什么
你到底明不明白
你别给我扯别的
你跟我在这扯呢
你到底行不行，不行给我换个人
你能正面回答我的问题吗？
算了，咱们沟通不了，让你们领导接电话
我问什么你答什么就可以，不要说其他的
你在说什么呢
我怎么觉得跟你无法沟通呢？
是我表达有问题还是你理解有问题
你到底有没有听懂我说什么
你知不知道你在说什么
我已经重复好几遍了，你听明白没有
我问的这个，你就非给我回答那个！
你自己去听一下你刚才说的话，牛头不对马嘴
不是这个，是另一个
不是，我说的是……
你没有明白我的意思。
你理解错误了。
你回答的不是我想要的东西。
你说啥呢，不知道你说啥。
你解释错了，我想知道的是……
你查询错误了，我想要的不是这个。
我表达的不清楚么，你都没有理解对。
你听的是啥呢，我说的不是这个。
你换个人吧，你听不懂我说的。
你说这么多，我都不理解。
你解释的是其他业务吧。
你理解能力很差，能换个人么？
你先理解好我的问题再回答我。
你能认真听我说，理解好了再回答么？
你是新员工吧，理解这么差。
你怎么半天都搞不明白事情呀。
不是这样的，不是这样
你听不懂我说啥吗？
不对，你说的不对，我要问的是……
我是说。。。。
我不是这个意思
我的意思是。。。
我问什么你答什么
换个客服吧 我听不懂你说什么
不是，你没有明白我的意思
你在说什么！
让你主管接电话
你有没有听明白我的意思
刚才不是跟你说了嘛
跟你说话这么费劲呢
正面回答我的问题
给我换一个客服
我都重复了这么多次你还不懂
你到底有没有在听
你到底懂不懂
你怎么跟猪一样说这么多次不明白
简直答非所问
你是故意呛我吗
你说的什么鬼
你是不是新来的啊
我说的你怎么就不明白呢
我问的什么你给我再说说
还要我再重复一遍吗
你说的不是我问的
你知不知道我在说什么
我的这个，你非得给我说其他的，你什么意思
你就告诉我是不是，扯那么多其他的干什么
我问欠款多少钱
你听没听懂我的问题
能不能换个人接电话
你怎么就听不懂呢
不想听你说了
能不能简单点说
能不能听懂人话
不是这个意思 
你在说什么呢
你自己理一下，再重新说一下
乱七八糟的，说啥呢
我问的是什么问题
能不能说明白了
你说的我都听不懂
不是，你没有明白我的意思
你咋这么笨呢
我说了这么多遍，你都不能理解
你这个客服是新来的吧
你的工号是多少
我不想跟你说，换人说
你这智商咋做客服
中信是不是缺人，咋招了你这破玩意
你就只适合扫厕所
你跟我说下，你到底让我讲多少遍，你才明白
你以为我是好脾气是吧
说人话懂吗？
跟你说话真费劲
哎呀我滴妈呀！你能不能行呀
换个你主管来接
换你旁边的那人接
你说是啥玩意
你在念三字经呀
我问什么你答什么
账单金额多的金额，是怎么来的，你回答什么啊
你是要查询具体交易明细吗
我已经重复多次，你听不懂是吗
你刚刚说的不是
什么意思，我不明白，你说的什么意思
你别说那么废话，我问什么你答什么就可以
我说的时候，你听好再回答，别回答一些乱七八糟的东西
我刚刚跟你说的是要查询这个业务，你问我要办理什么，
你是不明白我说的吗
你理解能太差了
我查询的东西，你都没有说到点上
能换一个客服吗
跟你说话太费经了，说的都听不懂
我跟你说的，你是听不明白吗",0.8,all,答非所问,0.5,"你没听明白
你说的不对
你不懂
什么呀
你说错了吧
不是这样的
你弄错了
我是说
我再说一次
我要换客服
不对呀
是这样的吗
我没有听懂
你换个说法
你在说什么
你再看一下
再说一次
是另外一个
哎呀妈呀
对不对
明白了吗
听懂了吗
你没睡醒吗
你说什么
我是想
听不懂吗
我的需求是
你没理解
你傻吗
你解释错了
你说什么
你查的不对
你真的会吗
我再讲一次
你是不是傻
你说什么呢
还是这样的
我没听懂
你说错了吧
就完事了呗
都是乱来的
能听到吗
不是这样的
你弄错了
不是这样的
我的意思是
你还不明白
你听不懂吗
明白了吗
听懂了吗
给我换个人
你新来的吧
明白了吗
听懂了吗
不对呀
是这样的吗
我没有听懂
你换个说法
你在说什么
你再看一下
再说一次
什么鬼
你看错了吧
你说错了吧
我再说一遍
我是说
你说什么
你专心点
你想什么呢
你在不在线
你是猪吗
我再说一遍
你还在么
在听吗
你说什么
我是想
听不懂吗
我的需求是
你听不懂啊
瞎JB乱说
胡扯
听不懂吗
你说什么呢
不是这样的
我没听懂
你在说一遍
好好重新说
你说的不对
我问的是
懒得跟你讲
换个客服
什么人呀
你在说一遍"
592cb7e5-26b3-4f94-8b9a-2bba0d952a3b,,0.8,all,辱骂指责,0.5,"无语
变态
傻子一样
傻逼
真烦
傻缺
啰嗦
反应迟钝
蠢货
脑子进水了吧
脑子有问题
是不是傻
听不懂人话
一根筋吧
贱人就是矫情
烦死了
宝里宝气
不能好好说话吗
凶什么凶
铁公鸡
真的蠢
这都听不懂，你是猪啊
你才是SB
你是吃饱了撑的
智障
你真是蠢得无可救药
听你说话就觉得恶心
我受够你了
不要跟我讲这些没用的
你活该
你怎么这么啰嗦
你怎么这么没有素质
听你说话都觉得烦
你听明白了吗
你怎么不去死
你脑袋被门夹了吧
真恶心
有病吧
卧槽
草泥马
智障
骚逼
fuck
bitch
狗日的
吃屎去吧
傻逼
二傻
脑子有坑
吃饱了撑着
狗比
神经病
傻x
烦人
想得美
变态
他妈的
神经病
我也是醉了
傻逼
怎么会有这种人
太特么不要脸了把
无语了
真受不了你
能不能正常点
不贪小便宜会死么
我特么也不欠你的呀
你有病么，一来就乱叫
你脑子进地沟油了把
诅咒你
二傻子
神经病
不要脸
是弱智吗
听不懂人话呀
会不会讲话
智障呀
这个客户好笨
是不是傻
你是得了癌症吧
怎么讲话的
妈的
什么鬼
什么都不懂
这客户就是找茬的
很讨厌这种客户
去死吧
我靠
说的是人话吗
傻逼玩意
智障
去你的
去你妈的
傻子
你大爷的
神经病
脑子进水
脑子有病
你有毒
狗日的
听不懂人话
扑街
丢雷老母
妹的
欠债还钱
不要脸
这是你的问题
凭什么
想太多
脑子有病
傻B客户
傻客户
卧槽
你自己不知道啊
听不懂人话
有毛病
客户不要脸
你妹啊
狗客户
二傻子
是猪啊
去死吧
变态啊
白痴
智商
神经病
装B
吃屎去
以为自己是大爷啊
你听不懂吗？
耳聋吗
神经病
没素质
简直有病
疯狗一样
傻逼
没钱还装逼
智障吗
脑子进水了
贱人
智商TM真低
这种人就该找不到老婆
没吃药吧
你全家都不会有好下场
真不要脸
这么爱占便宜
听声音就知道长得丑
这种客户真是可恶
白痴
妈的
我操你妈
我靠，傻逼
这也太蠢了
这客户太笨了
你以为你是谁啊
不可理喻
这个客户好气人哪
也太把自己当回事了
王彦飞又来电话了
气死我了
这些都是怎么了
太变态了
好恶心哪
脑子被驴踢了
活该
你听不懂人话吗？
真的是讨厌
傻逼玩意
遇到你真是到了血霉了
烦人呐
贱人
你个臭鸡蛋
狗屎
脑残
妈卖批
没家教
早死早好
去死吧你个傻逼
二傻子
脑子装浆糊了吧
脑子有屎
TMD贱人就是矫情
你是智障吗
听不懂人话啊
愚不可及
傻B，傻帽
脸皮真厚
活该倒霉
你这人真恶心
接到这个电话真倒霉
和这种人没法沟通
拽什么拽，就你厉害
这种人活着有什么用
缺心眼的东西
脑残应该去治治
你是变态啊
这人怕是个傻子
真的是没救了
有毒啊
你有病吧
傻B
没素质
没教养
真的不要脸
有毛病吧
有病
听不懂人话
你大爷的
傻缺
变态吧
死变态
我靠
真心不要脸
智障吧
脑子进水了
脑子里是浆糊吧
今天没有吃药吧
智商被XX吃了
没见过这么不要脸的
有毛病吧
臭不要脸
个傻逼
去你妈的
你个猪脑啊
奶奶个熊
个弱智
吃炸药了是吗
个死逼
爱死不死
个丧门
嘴里淌黄脓是的
个山炮
马勒个鸡的
个损逼
不要个逼脸了
给你个大嘴巴子
臭瘪犊子
挨千刀的
一口大黄痰吐你脸上
咋就听不懂呢，无语
阿西吧
差不多得了
说够了没
嘚不嘚的还烦
脑子秀逗了
迟钝呢
啥意思，你想干哈
有病吧
吃多了无处释放呀
脑回路够长
不要脸
二皮脸
厚颜无耻
自以为是
不懂装懂
规则都是你定的
银行你家开的
诶呀我去
是不是傻
客人有病吧
账户就是这样的
太笨了
能不能行了
没有搞毛线啊
您是持卡人本人吗”
您先听我讲完，好吗
我就是这样讲的”
这个你不用管了
您有没有听我说完啊
如果您不愿意还
您再说一次吧
您说的是不是这个意思
我可以不可以这么理解
差不多是这个意思吧
你说的太复杂了
你说的我听不明白
听您说话有点点累
难道不是这个意思吗
傻帽
老女人/老男人
变态
恶心死了
这是什么人啊
是不是傻啊
不知道是不是疯了
他妈的一个投诉
没有搞毛线啊
是我服了你
问这个有什么意义呢？
卧槽
我kao
妈的
傻逼
这个神经病
蠢的跟猪一样
听不懂人话
脑残
二货市场来的
这头猪
你去死吧
你咋不撞墙去呢
我真的服了你了
死变态
脑子进水
傻X
你大爷的
二货
TMD
真恶心
有病吧
卧槽
草泥马
智障
骚逼
fuck
bitch
狗日的
吃屎去吧
傻逼
二傻
脑子有坑
吃饱了撑着
狗比
神经病
傻x
烦人
想得美
变态
这是我第三次给您说了
您说清楚点好吗
是您刚刚没有说清楚
这么简单，还不明白
不是您这样理解的
遇到个神经病
傻逼
Shit
脑子有问题
这么笨，用什么信用卡
您好好说话
您先弄明白了再问
神经病
有病
笨死了
傻逼
变态
听不懂人话
和猪一样
蠢货
跟个智障一样
不会听人话
去死吧
这个人肯定疯了
畜生
缺德
有什么可显摆的啊
不如死了算了
脑残
没素质
没上过学
有病吧
变态
脑子不好使
都什么人呀
真的是蠢死了
说你妹啊说，傻子
是我服了你
他妈的一个投诉
去死吧
真TM变态
神经病
傻不拉几的
脑子进水了
脑子绣了
见鬼了
MD，神经病！
SB
智障
你妹的
真是脑子有病
靠，去死吧
真是变态
脑子被门夹了
耳朵有问题
真是贱人
蠢货
垃圾
恶心
这种人这么不去死呢
傻X
贱货
你怎么听不懂我说的
跟你讲不明白
神经病
傻逼
去死吧这种人
妈的
卧槽
有病
这样你都不懂吗？
神经病
倒霉彪子
脑子有病
什么玩意儿
倒霉样儿
傻*
癞蛤蟆不咬银，各样银
各样银劲
艹
哎呦妈呀
烦银劲
卧槽
去死吧
怎么不去死
哼，什么玩意儿
什么倒霉玩意儿
怎么跟撒*一样
真是个撒*
赶紧滚吧
他妈的一个投诉！
精神不好吧！
遇到一个傻逼！
您这不是难为我吗！
他妈的有病吧！
说你妹啊说，傻子！
你也是成年人了啊！
简直就是变态！
说的是什么鬼 
这客户脑子有毛病吧 
好无语啊
听不懂人话啊
这人智商有问题吧
是猪啊
还来投诉，脸皮真厚
脑子有病吧
我靠，遇到这客户
就是来找茬的吧
脑子一定进水了
真没素质
吃错药了吧 
不懂还装懂，有毛病
遇到一白痴
真是自以为是
这么笨，算我倒霉了 
脑残
傻逼
真特么笨/笨死了
蠢货
妈的
神经病
不要脸
自己听不懂还乱咬
吹牛逼
死变态
活该
缺心眼
有病
傻子
吃屎去吧
二比
脑袋有屁
死女人
狗日的
神经病
真是傻啊！
真是服了这个蠢货
这个客户真是脑残
这客户真是个奇葩货
傻逼一样的客户
脑残货
靠，这蠢货真是绝了
神经病
不要脸
是弱智吗
听不懂人话呀
会不会讲话
智障呀
这个客户好笨
是不是傻
你是得了癌症吧
怎么讲话的
妈的
什么鬼
什么都不懂
这客户就是找茬的
很讨厌这种客户
去死吧
我靠
说的是人话吗
啥呀？这都什么玩意？
操你大爷的
你有病吧听不懂人话吗
我说你是脑子有问题吧
傻逼
给我换客服
给我转你们领导
去你妈的给我赶紧销卡
他妈的给我换个客服
傻B
这个客户好蠢啊
你是猪么
我真是服了你了！
草泥马
你妹的
妈的
遇到了一个神经病
脑残
靠，变态吧
这个客户有病吧
找领导，不可能。
神经病啊
说说说，说你妹啊
这客户太不要脸了吧
这客户太能吹牛了
这客户是吃饱了撑的吧
真受不了这个傻逼客户
听不懂人话的客户
服了这帮傻逼
妈的，懒得跟他废话
听不懂人话
傻逼
脑瓜有泡吧
神经病一样
咆哮狂魔
真没素质
真是无语了
变态
拽个毛线
死不要脸
欠钱不还还有理了
脑才吧
我也是醉了
真特么傻逼
跟个智障一样
死老太婆
真的是蠢
脑袋被夹了吧
去死吧
你能不能听懂话
你说的是人话吗
吃饱了撑的
你说你是不是傻
笨
脑子不正常
闲的蛋疼
天天没事干啊
带没带脑子
家里出事了吧
出门不幸
不会用就不要用
傻逼
草泥马
白痴
智障
得儿喝的
二流子
家里有矿啊
畜生
有病吧
怎么那么烦人
这个客户是不是傻
妈了个逼的
妈的
你丫的
猪来的吧
没见过那么笨的人
傻逼
脑残吧
傻不拉几的
这么小气，斤斤计较
这客户也太二了
我给你梳理你的问题
你不要跑题了
无理取闹
变态
烦躁
你大爷
什么玩意我操
FUCK
神经了
有毛病
听不懂人话
是不是傻
疯子
傻子
傻B
这就是你的责任
脑子秀逗了
你是猪吗
神经病
扑街
痴（黐）线
脑子被门夹了吧
奶奶的
死全家
变态
真恶心
傻逼
贱货
你他妈有病
脑子有屎啊
神经病
疯狗
你是猪吗？
脑子有包？
操你全家
脑子进水
脑子不好使
蠢猪
操蛋
二货
白痴
你忘记吃药了吧？
吃错药了吧？
狗日的
你妹
蠢样
妈的
我操你妈
我靠，傻逼
这也太蠢了
这客户太笨了
你以为你是谁啊
不可理喻
这个客户好气人哪
也太把自己当回事了
王彦飞又来电话了
气死我了
这些都是怎么了
太变态了
好恶心哪
脑子被驴踢了
活该
怎么这么蠢
神经病
傻逼
傻的吧
蠢死
事儿逼
滚吧
怎么这么傻
蠢货
蠢的呀
草拟吗
有毛病
二货
二逼
变态
智障
弱智
神经 
不要脸
二货
傻缺
你有病吧
神经病
变态
你大爷
不要脸
傻B
死变态
你自己不会算么
你真笨
这样你都不懂！
你听不懂么
你用脑子想一想
你是不是傻
没脑子呀你
笨蛋一个
笨死了
这是什么人啊
真的是讨厌
什么态度
真是服了他
这人有病吧
傻B
妈的
神经病
真是服你了
什么人啊
你就不应该。。。
你早干嘛去了
这个怎么还能忘呢
去你妈的
什么狗屁银行
霸王条款
凭什么啊
人都死了吗
你有没有脑子啊
换一个客服
你到底会不会啊
傻逼
什么玩意我操
赶紧倒闭
他妈的
脑子有病吧
给你脸了
有病啊
操你大爷的
听不懂人话吗
我不想听你说话
是不是傻
客人有病吧
账户就是这样的
太笨了
能不能行了
没有搞毛线啊
您是持卡人本人吗”
您先听我讲完，好吗
我就是这样讲的”
这个你不用管了
您有没有听我说完啊
如果您不愿意还
得癌症了吧，真是的
草泥马
这人有病吧
没见过这么蠢得
缺心眼吧!
脑残
缺爱
NND吃饱了撑着
傻B
这人欠收拾
妈的
你是猪吗
你怎么跟个智障一样啊
你是傻逼吗
你真贱
太不要脸了
祝你出门被车撞死
我也是服了你智商了
听不懂人话
你咋不去死呢"
80d0f07a-875c-4853-b1ff-3f272ace845d,"给我解决那个小女孩，应该表扬她
你的服务我非常满意
你服务非常好
服务态度非常好
你的态度非常好，服务非常完美
这个服务真是太好了
你的服务很好
服务非常好，说话很温柔
我为您服务满分
你的声音很好听
你的声音真好听
中信银行真不错，为你们点赞
您真是太细心（贴心？）了
你的服务态度很好
你的服务非常周到
那你们的服务真好啊
我要为你的服务点个赞
我觉得你挺负责任的
你的服务态度真好
你说话好听多了
太温柔了，我表扬一下你
你的服务态度太好了
你的服务特别好
你的服务最好
你的态度是很好
中信服务真好
中信银行服务好
你服务态度真好
你服务态度太好了
服务很好，为你点赞
你服务特别好
服务真好，给你点赞
声音挺好听的
你的服务态度非常好
对你的服务非常满意，通过之后会更满意
对你服务太满意了
服务态度最好
你说话声音太温柔了
你的服务挺好的
你的服务太好了
谢谢你，你服务很好
谢谢你，你的服务真的很好
你的服务非常周到，非常好
中信的服务蛮好的
有阳阳真好，万分感谢
你的服务态度挺好
对你的工作非常满意，会推荐更多的朋友办卡，多多支持你
你的声音很甜
谢谢，你声音很甜
你们这服务态度很好
你们银行的服务什么时候变得这么好了你们的服务比其他银行的好
你这个服务很好，为你点赞
你态度非常好
我觉得你很好
你的服务也太好了
我觉得你的服务已经很好了
你服务真好，我要表扬你
你们的服务态度还挺好的
您非常有耐心
你们态度真的不错
服务态度很好
谢谢你，最喜欢我们自己的客服了，我可以给你点赞吗。
我要表扬你，你的服务态度很好，积极主动，服务这么的耐心，很难得，别的银行都没有这么好，服务热情，业务也很熟!非常感谢你。
非常优秀的同事，我觉得你的服务态度和为人真的是个非常优秀的同事
你的声音很甜。
请记录工号，我要表扬你及时称谓潘先生。
你的态度非常好，讲话的语气非常好，给你点个赞
服务态度非常好，积极解决问题。
你的声音真好听。
你的服务态度挺好。
谢谢你啊，给你点个赞。
打了这么多次电话你说的是最好的，普通话也是最好的，要求评个最好。
你是哪里人？说话声音这么好听。
你的服务态度太棒了。
要给你好评点赞，你工号多少。
声音这么甜。
给你点评一下，你这么耐心，解释这么多，尽快没有到账但是心里石头落地很有希望了，你工号多少啊，给你点赞。
你服务得非常好。
你的服务态度特别好。
你们中信银行信用卡中心的人服务态度很好，就像你一样。
你的态度很好。
服务多好多温柔。
你的服务态度真好。
你声音真好听。
谢谢，我一定对你的服务提出很好的意见，有那种超赞吗，我要给你赞一个。""
我觉得你的服务态度特别好。""
声音太甜了。""
谢谢，我对你的服务非常满意，你们银行工作人员也很好
现在客服小哥的声音多好听啊
声音太温柔了。
说话声音真温柔。
你的声音太甜，可以给您点赞。
您的态度是打电话以来最好的。
你的态度非常好。
小哥的声音很好听。
你的服务比较专业，比平安好，要给你打高分，希望加薪
你服务很好。
你态度很好。
你的服务不错。
太贴心了，特殊申请给予表扬成立。
你的声音真的好听
你的声音真甜
要给你点赞，加10分
我觉得你服务不错，给你个好评
小姐姐你声音好好听哦
谢谢你的服务非常满意
给个五星评价，给个五星给你
您的服务态度太好了，说话太好听了
非常感谢你，你的服务太好了， 我要给你评分
你看你的态度好
你的服务态度太好了，给你点个赞
你的服务就挺好
你的声音太甜了，
你的服务不错，
说话很好听，声音很温柔
你们对欠款的客户服务都这么好
你们服务太好了
服务很好,给你选个满意
你们服务很好
我可以给你点个赞吗
我觉得中信银行还不错，服务沟通都很到位
你今天态度这么好
你们这中信银行服务挺好
我看你服务态度也挺好的
你们客服服务态度都挺好的
你这服务态度非常好
我可以给你打个好评啊？谢谢你啊，你这么良好的态度
提个表扬，你服务特别好
你态度太好了
你的说话很温柔
你的服务态度好
你的服务相当好
你这个管家服务真是太好了
你的声音很甜美
中信银行在服务上还可以
我对你的服务很满意，我要表扬你
你们的服务很好
你的服务太好，怎么表扬你
你的服务我很满意
声音真好听,服务非常好
你的服务我非常非常满意
你的服务那么积极
服务态度比较好
你比之前同事态度好
谢谢你,我非常满意你的服务
你的声音好甜
你声音挺甜的
你的服务态度特别好
你服务好极了
你们服务特别好
给你们点赞，挺认真的
你的服务态度挺好的
中信有你，更自信
麻烦你了，你这么细心，这么费心，这么解答感谢
你们的服务非常好
中信的服务太好了
你的态度很好
太谢谢你了，中信服务真好
业务能力很牛逼，中信有你是种荣幸
你说话声音真好听
你的服务真好
我觉得你的声音特别好听
谢你们贴心的服务
下次还来找你服务，为你点个赞
就因为你可能后期还会选择用你行信用卡，你这还挺好的
中信服务不错
谢谢你热情细心的服务
中信一直都是这么贴心，伴随着我创业、公司的上升
来电好多遍了，都没有解决，还是你呀，对你的工作很满意
非常专业，非常好
你服务态度很好
对你们的工作态度感到非常满意
在哪里给你点赞呢？我想给你点赞一下
服务态度太好了
哎呀，你真好，哈哈哈哈
你是几号？我一会儿给你写表扬信
你的解说很棒，嘴巴很甜的
您的服务太好了
第一次感觉和银行客服那么客气
你的服务非常热心
我觉得你态度非常好
你有机会到上海告诉我哦，请你吃饭
终于遇到一个靠谱的客服了
这么说我就相信了，后期员工都能像你这也就好了，蛮优秀的，怎么表扬你
我觉得你中信还是挺好的
你的态度真好
您的态度很好
挺好，你的服务
还是你好，给你点赞
你的服务态度还可以
服务耐心，温柔
我觉得我有机会的话，我会通过其它渠道给你点个赞
你的服务非常好
你的声音太好听了
我会写一封表扬、感谢信到你们公司的网站上面去
你们这个服务还挺好
我觉得你服务特别好
服务态度这么好
太好了，给你一个好评
对你的服务态度很满意
表扬王珊珊今天上午回电为其解答信用卡问题，用心聆听，暖心服务
给你一个表扬
表扬内容，帮我认真记录反馈问题
我对你的服务很满意
谢谢你给我打这个电话，我的心情好很多了，你们的服务很好
你的服务太好了，我要给你的服务加分
你的服务真是太好了
到时候给你一个好评
你的服务太好了，点赞
你是几号我要给你的服务那表扬一下
你的声音太好听了，我长这么大没见过这么好听的声音的
你服务太好了
服务很好，十分良好
态度非常的好，你工号多少，下次来电还找你
你说话很甜哪
讲解得非常到位
我觉得你人挺好的
服务态度我很满意
你这服务太好了
你们服务做的到位
要去总行讲一下，表扬一下
你比上次的同事服务态度好多啦
你的服务蛮好的
服务态度真的很好
你工号多少，我要表扬你
优秀的服务很周到
我要表扬下小信管家周嘉伟
说话声音好听
非常愉快，服务非常到位
服务态度真好
你声音很好听
服务好、周到
我就想表扬你了
我想表扬一下他
个人服务不错
点赞，服务好
我可以发邮箱感谢你吗？我怎么感谢你
中信银行的服务特别好
服务很满意，我要给你一个好评
你服务态度不错，感谢你了
你这服务态度真好
你的水平特别好，给你10分。向你这样替老百姓着想，非常好，才是好客服
你的服务我很满意，我要表扬你
你是很能干的，你技术很高明，这个要对你嘉奖提拔的，下次还想找你怎么找你，其他人要向你学习
被你说服了，给你好
你的服务质量很好
给你好评，不属于表扬，但因同事业务娴熟，服务亲和舒适，特申请为表扬，
你的服务好一点及在后表示你服务很好，
你们银行挺好的，服务态度也好，
你真好，比较热情，有你我就幸福，
你很有耐心，以后我有什么也直接找你了，
你的服务确实是很到位啊，
这个服务很到位
这男声很好听
你是我见过最好的人
小姐姐你声音真好听
我觉得你真是特别的好
你们银行的服务非常非常好
我觉得你们领导一定要给你涨工资
你的服务太好太好了
最近天气炎热，记得多喝温水 注意防暑降温
最近天气干燥，记得多喝水。
注意防暑降温
天气炎热，请您注意防寒防暑，注意多喝水”
目前是多雨季节，您出门记得带伞哦
天气寒冷，注意保暖。
时间不早了，您注意早点休息",0.6,客户,用心超越期望,0.5,"声音甜美
你态度真好
服务非常好
声音好美啊
服务挺好
这服务好啊
态度这么好
服务挺周到
服务太好了
你服务很好
你真好人
有你真好
声音好好听
声音真好听
你态度挺好
声音很好听
你真贴心
声音好听
服务真好
你服务真好
你声音好甜
服务很好
你说话真好
服务挺好的
声音不错
很贴心
我要表扬你
服务态度好
给你点赞
真周到
好温馨哦
你太好了
服务真好
声音好听呢
声音真甜
给你表扬
态度太好
我要表扬他
要表扬一下
服务很周到
旅途愉快"
9291252b-4041-4d6b-b95c-682854db5990,"我不是说了吗
这样都听不懂吗
我怎么说你才懂
能不能别这么激动
这可不是我说的
没有办理处理
能不能先听我说
就是你自己的问题
那您自己看着办吧
在这样下去只会浪费时间
你要想解决问题就别啰嗦
你什么都不懂
不懂就别乱说好吗
有没有点常识
你先别说，听我说
你都说了，我还有什么好说的
我告诉你就这样子了
那我帮不到您
这个没有别的办法
政策问题，我帮不了你
你认为投诉有用那你可以试试
我已经说了三遍了
打电话本来就耽误您的时间，还要收费的
不要再打电话了
您为什么就不明白呢
我就是这个意思！
那你是什么意思
你说也说了，我也帮你做了，还不行吗
你说的越多，反而我们这里处理的更慢
说这个没用的
你觉得这样子我们会退步吗
我认为你说的不对
你是不是说错了，我们银行怎么可能不收这个费
好了，先说这么多吧
我不明白你说的
银行又不是慈善机构
你自己干了什么不自己不知道吗
银行不可能满足你的需求
您是无理需求
我们没有义务。。。
请您做个文明人
您别这么暴躁
稍微冷静一点好吗
你叫也没有用
你一直骂骂咧咧也没有用啊
银行又不是你家开的
这能够怪我们吗？
你这么说就狭隘了
分期不是你想办就能办的
你以为是你以为
不是你认为的
你不相信我们，我们也不相信你
我觉得你说的太严重了
这个不是由我处理的，很抱歉
礼品都是抢兑的，先到先得。规则就是规则
你抢不到礼品，我也没办法，毕竟那么多客户，看运气了
活动有它的规则，那如果你没达标，是获得不了的，也没法给您特殊处理
礼品颜色在规则都有提示，根本没法换
很抱歉，礼品一旦兑换，无法更改地址，这个活动规则都有，没法处理
很抱歉，礼品一旦兑换，无法加急，这个活动规则都有的，请你继续等待
没有为什么，每个银行没法做到完全一致的
退款能不能抵消本期账单，每个银行都是不一样，我行目前无法抵消，很抱歉
这就是一张借贷合一的卡，你转账就会优先进入储蓄卡的，只是你不了解而已。
这个必须要卡在手，要不然解除不了，这是银行规定
本来就是这样的
本来就有挂失费
您可以不要咆哮了么，有问题解决问题
你情绪这么激动也没有用
麻烦你声音大一点好么
可不可以不要这么激动
你要银行给你补偿什么，这是你自己抢兑不到礼品
这个我也无能为力
我也只是个小员工，没有这么大的权限
我打断一下您
先生，不是你这样子理解的
你这样子讲了，我说这么多有什么用呢
您能先听我说完吗
你是哪里不清楚呢，我们账单都有明细的
我刚才说了那么多，不都白说了吗
你想要我怎么办
等我说完你再向我提问
我不是这样子讲的
我刚才没有这样子说
是你自己这样子理解的
我说的没有错啊，你自己听错了
不要纠结这些
你这样子想嘛
怎么乱扣你费用了呢
我们领用合约您没看吗
我们官网有公示您没看吗
我刚已经解释得很明白了
我换个人给您解释可以吗
您的问题我处理不了
您去哪投诉都是一样的结果
您继续投诉我们的解决方案还是一样的
听我讲完您在说话
您先别说话，听我说
您自己想想再问我
您的需求我们是不能满足您的
您骂我能解决问题吗
你投诉我没用，这是银行的规则
我都说了帮您反馈，您别纠结了好吗
您想投诉我就投诉吧
我又不是行长，您的问题解决不了
您没必要在我这边浪费时间，我让上级给您回电
您需要认真想想我刚刚说的意思
你听不懂吗？
去补刷一次就可以减免年费了
我们银行的利息就是这么收的
我们银行的违约金就是这么收的
我们银行的取现手续费就是这么收的
我们银行的分期手续费就是这么收的
提前还款就是要收3%的违约金
你说话那么快干嘛
你都说了3遍了
你再打个电话投诉吧
你可以销卡啊
你下个月再来电吧
找我们领导也是减免不了的
找经理也是这个结果
找谁都是没有用的
麻烦你有素质点
你喊什么喊，喊也没用的
难道你都不懂吗
我道歉也说了，你还想要我怎么办
我已经跟你说过了呀
我真的是没办法了，都跟你说这么久了
政策就是这么规定的，你不理解也没有用
你能不能好好想想我们的对话
我就是一个客服，你对我发火也没用
本来活动数量就是有限，你没有获得也怪不了谁啊
你不要质疑我，我工作了这么久了
不管是谁处理都是这个结果，转领导也没有用
我们这个业务流程就是这样的
这个事情处理就是要这么久
活动规则已经写明了
这个是他们平台的问题，你去找他们吧
你可以消消气吗？不要激动，没用的
如果你不相信我，我们也没法沟通了
我的权限就这么大，你不接受也这样了
你真没必要这么激动，有什么事情我们解决就好
刚才不是给你说了嘛
办不了就是办不了
那是您的问题啊
你还想怎么样呢？
这不是我们银行的问题
那您觉得应该怎么样呢？
我们是不是提示您了
叫你们主管来接电话
我们同事没问题
你不懂先听我说
您说的不合理
您不要太纠结
不要浪费大家的时间
你不要太啰嗦
没有这样的道理
我已经说的很清楚了
好我再重复一遍
您的需求我们是没有办法满足的
麻烦您也换位思考下
您能不能先冷静思考下
对不起这就是我们的业务办理流程
您听不懂我说话吗
您的理解是错的
请您不要理想当然
请不要打断我
我正在解释您没听吗
账户已经解释的很清楚了
您能不能听我的
我觉得已经没有办法解释了
我知道您不用说了
这样您的不理解吗
就是简单的字面上的意思
一再减免费用您觉得这样好吗？
没什么好说的了
您怎么就听不明白呢？已经说得这么清楚了
你说啊，说话啊
我要下班了，你还有什么要问的
声音和蚊子样的，你能不能大点声
我听不清你在说什么，我要挂了
你说的我不知道，不要问我了
你急有什么用呢
你不要在电话里大叫
能不能不要让其他人和你一起说话
你骂人的话我们都有录音的
我都没着急，你在不耐烦什么
你的资料我就是不能说，你逼问我有什么用呢
你和我发火有什么用啊
我有说不帮你办吗
你讲的什么啊，不能说中国话吗
你别打断我，能让我先把话说完吗
你理解的是不对的
你说的都是错的
又没有人逼着你用我们银行的卡，你可以注销啊
还不了钱就不要用卡啊
您用了这么多钱，用了就要还啊
我们的账单是准确的，不会乱加消费的，好不好
费用收取，通不通知您，我们都有收取的权力呀
我现在告诉你啊，就是这样子的
现在跟您算啊，就是这样子的
是我们系统这样要求的
你先听我把话说完
我如果能够给您操作，X先生/女士您觉得我会耽误时间跟您沟通这个问题吗？
您想投诉到哪里如果能解决您的问题我们都不反对
不管额度内还是额外都是要还的
您不让我说话，我怎么告知您呢
你大声叫有什么用呢
你在电话里叫有用吗
你说的都是错的
你怎么就听不懂呢
我都已经帮您记录反馈处理了，你还想怎么样呢
我已经跟您解释很多遍了，办理不了就是办不了
该说的我都已经说了，该做的我也已经做了，你还想怎么样？
我已经跟你重复很多遍了，理不理解就是你自己的事啦
你想怎么样就怎么样吧，我已经没有办法啦
我刚才跟你已经说过了呀
刚才跟你说的你没有记吗
你说的是啥意思
你刚才可没有这么说啊
我现在再跟你说一遍，你听仔细了
你能不能先听我说
我已经跟你说了很多遍了
你就不能换个思维去理解一下
那我也没有办法了
我怎么知道你会这样
你能用文明用语吗
你不用这么激动
你那边声音那么小
我这边没有显示，看不到
我能看到的我都会告诉你
你就是没有还款到账，我这里没有显示
我没有办法帮你去申请
这事不是我说了算的
我们银行只能协助，我们没有办法出面解决
我们活动的细则流程就是这样的，是你没有看清楚
电话的话你自己有没有在其他地方泄露啊，你有没有在其他地方登录其他的
有录音啊，可以调啊
你就告诉我能不能接收短信，告诉我这一点就可以了，至于您什么时候停用没有关系！””
“你只需要回答接收不了就可以了！
我没法回答你，没法告诉你
那你就别留意了，可以用了”
我们相关岗位会有相关安排，不需要您操心
主要是认为我耽误您的时间没有算正确要投诉我是吗
如果发生这个情况，你应该之前就有个心理准备之前改地址呀，已经兑了后面再改明显就来不及了吗
刚才跟你讲到呀，发货后会短信通知呀，短信通知”
要修改就直接改就好了
您不需要帮您办理挂失，您需要我帮您办什么业务呢
每个银行都有不同的处理方案对
您记一下工号
我当然懂你的意思，为什么不能直接回答你
不是我这么边，如果没其他需求我挂机了
现在弄明白了吗
只算出来总欠款告诉您，没有让您还啊
你先别说，听我说
你都说了，我还有什么好说的
我告诉你就这样子了
那我帮不到您
这个没有别的办法
政策问题，我帮不了你
你认为投诉有用那你可以试试
我已经说了三遍了
打电话本来就耽误您的时间，还要收费的
不要再打电话了
您为什么就不明白呢
我就是这个意思！
那你是什么意思
你说也说了，我也帮你做了，还不行吗
你说的越多，反而我们这里处理的更慢
说这个没用的
你觉得这样子我们会退步吗
我认为你说的不对
你是不是说错了，我们银行怎么可能不收这个费
好了，先说这么多吧
没有说您诬赖
哪里有不承认，您说
我们没有故意刁难哪个客户，没有这个意思
先生您可以说，我在听
我有说要给你回电啊
白金权益使用的情况是看您自己了
我可以帮您反馈呀，但是我们投诉部门没有这么快给您回电的
我们领导不会回电的
现在是这样的
我刚刚已经跟您说过了呀
您不懂可以来电啊，不来电怎么知道呢
不是我们规定的，是银监局要求
您那里不明白的，可以说呀
我怎么清楚，每个人账户有不一样，我怎么看
就是字面上意思啊、我刚刚已经给你解释过了呀
因为我们在线咨询的人数也比较多，你如果有什么问题的话请稍后再来电
遇到问题你去找警察，我们银行也不是救济机构
还没有说完好吗
那是银行政策，自己银行的政策，我也没办法
你需要我怎么给你寄呢？明天给你查询额度吗？
有录音啊，可以调啊
固定额度都是银行给到您的，是需要审核的
你先听我把话说话
你先听我说完，好不好
我们是最高的回复部门，最终投诉管理部门
这个我之前就说过了
你要是还是不理解，可以再打电话过来
好，那你就别留意了，可以用了
我们相关岗位会有相关安排，不需要您操心
主要是认为我耽误您的时间没有算正确要投诉我是吗
如果发生这个情况，你应该之前就有个心理准备之前改地址呀，已经兑了后面再改明显就来不及了啊
刚才跟你讲到呀，发货后会短信通知呀，短信通知
们是给您正常解释呀
您先听我讲完，好吗，您不懂才会来电，我们才会帮您解决的，对不对
这是你的权利，那就不打搅你了，感谢您的来电
不需要帮您办理挂失，您需要我帮您办什么业务呢？
那你协商也需要有个目的吧
相信你是一个讲素质，讲道理的人
客户进线电话是普金，问的问题是白金问题
确实银行退款逻辑是这样的，如果您不愿意还
您有没有听我说完啊，女士，我是说您不同意这个利息可下期账单出来后申请减免利息
既然您这么信任他们的话我建议您可以考虑一下您自己的概念吧
您不知道，我这边可以给您解释啊
我只算出来总欠款告诉您，没有让您还啊
我不明白你说的
银行又不是慈善机构
你自己干了什么不自己不知道吗
银行不可能满足你的需求
您是无理需求
我们没有义务。。。
请您做个文明人
您别这么暴躁
稍微冷静一点好吗
你叫也没有用
你一直骂骂咧咧也没有用啊
银行又不是你家开的
这能够怪我们吗？
你这么说就狭隘了
分期不是你想办就能办的
你以为是你以为
不是你认为的
你不相信我们，我们也不相信你
我觉得你说的太严重了
刚刚已经跟您说过了
您觉得这是您的永久额度吗
早就给您退了
他没有给您改啊
也不会产生多少
先听我说完，行吗
您还上是没有用的
怎么可能欠款3万不到
这还快啊，我已经很慢了
您需要我做什么
哎，我没有明白您的意思
我这边是信用卡中心
您都没有用它，怎么影响您的信用勒
您能收到什么女生，您能收到什么
怎么了，还款顺序还不知道啊
您冷静下可以吗
别的客户都能清楚啊，您都听不明白啊
你想这么说我也没办法
我能怎么办 我没有权限
其他客户都会啊
这很简单的，你按照我说的做就可以了
我们银行有规定，不能办理
其他银行我不是很清楚
您想这么讲我也没办法
想投诉就投诉吧
我已经解释了很久，您还是不理解，我也没有办法
银行的政策就是这样，改也改不了
我觉得你自己没问题，是你理解不了
我会给您反馈的，想投诉就投诉吧
先生你说了这么久不累吗
我都已经帮您去反馈了，我就是一个小小的客服
我们银行没有，其他银行我不清楚
我已经说完了，您说吧
这不是霸王条款，您也要遵守规定啊
我没有这个意思，是你这么认为的
你自己想一下吧
我已经说的很明白了，你再看一下吧
不是，这个就是这样呀，你非要说不是，那我也无话可说
先生，不是这样的，你先听我把话说完
我挂了电话也解决不了问题呀
我这边无所谓的
你这边一直纠结这个问题，没什么意义
没有说直接转到投诉的
您对于费用不接受，但是您自始至终没有给我说完的机会，我没有办法处理
先生我怎么了先生，我不是在帮您查么
你让我8点后给你回电话干什么呢
你想我说什么，您不是不让我说吗
你要投诉什么呢
你要是这种态度我无法给你解释
您不同意费用没关系，您直接跟我说您不需要就可以了
我说的是未包含未上账分期手续费，请你听清楚
“那我们流程就是这样子啊，你要我怎么做”“我现在就是帮你预约啊”
我们这边流程就是这样，你不认可，不代表它可以不遵守
你可以有自己的想法，但不代表我行要认可你的想法
请不要打断我好吗？
您有没有听我说完啊，女士。
不要跟我争辩，我只是客服
您想怎么办呢，先生”
麻烦您好好说话，文明用语
你这么专业，还问我们的意见干嘛
你要投诉的话重新打电话过来
我已经说了很多遍了，不想再说了
你要是不好好说话，我就结束电话了
这是银行规定的，我们流程就是这样
你投诉也没有用，这个就是没有办法
你跟我说这么多也没有用啊
这个是你自己的责任
你是要我怎么做呢？我说的你又不听
是你自己听不懂，我已经说的很明白了
很多客户都在等，你没有什么事我这边就挂电话了
我只是个小小的客服
我不想再跟你纠结这个问题了
你不要为难我好吗？
操作不了就是操作不了，你不相信也没有办法
我都跟你说了啊！你听不明白吗？你都没等我说完你就说，你怎么听得明白呢
投诉是您的权利
你说的是不对的，你不要总按这种方式想
我刚才说的就是这个意思啊
我们同事不可能这样说的，我们都有录音
你不要纠结这些啊
不是这样的，你理解错了
跟你说不明白，你就按照我跟你说的核对就行了
你不要总说投诉，我现在在帮你解决问题啊，你不是要解决问题吗？
那你想我怎么样
我们同事在办理时都会提示您的，我们都有这个必须要说的要求
你想怎么样就怎么样吧，反正我提示过您了
这个费用是您自己没有按规定还进来导致的
我看了我们都是有发短信给您的，是您自己没有留意
您没有看短信的吗？我们都发了两次给你了
您没看完整内容，如果您要参加活动，以后您都要自己看清楚活动内容，不要只看一部分
您是自己通过自助渠道办理的，您当时也没有来电，我们怎么提醒您
我们不可能您通过自助渠道还要给您去个电话，而且我们也不知道你什么时候办理
这是银监会规定的，我们银行也要按照银监会执行，不是我们银行想怎么样就怎么样的
那你就这样去操作呗
没办法了女士
没有办法处理
能不能先听我说
就是你自己的问题
那您自己看着办吧
这是银行的钱，您能用银行钱还银行吗？
我们短信多次通知，这是您的问题呀
您有权利去投诉，麻烦您了
您为什么这么纠结呢
银行是不会为了您这点利息乱收费的
我们邀请客户办理时一定会提示清楚费用的，一定是您没有听清楚
我刚才已经给您解释过了，好吗
您先听我说完，好吧
我都和你说几遍了，就是这个意思，听懂了吗
嗯，是这个意思，去看一下吧
您找供应商问问，他们的事
这个不归我们负责，为什么打过来呢
我怎么清楚，每个人账户有不一样，我能怎么看！
银行政策就是这么规定的！
您有您反馈的权利，我们尊重您的选择！
您说您现在没法获得礼品，可是这个活动的参与是您自愿的！
我刚刚已经给您解释过了呀！
那您现在要跟您家人沟通的话，您如果有什么问题就稍后再致电吧，我们现在在线咨询的客户也很多！
那我们流程就是这样子啊，你要我怎么做？
遇到问题你去找警察，我们银行也不是救济机构！
中国有你那么多法律，你哪一条知道，是不是很多条不知道，你可以不遵守吗？
我们也不知道你有什么变动，你自己想一下对不对！
这个跟权限没有任何关系，但业务是业务，我正常给你解答，没有这个流程，没有这个操作理解吗？
我还没有说完好吗，你说完了我再说是吗？
那是银行政策，自己银行的政策，我也没办法！
这本来就是银行的政策啊，你跟我们分行专线较劲也没有用，这本来就是银行的规定，你要我怎么跟你讲嘛！
你等一下我帮你转到我们领导那里啊，到时候我也会把你说的这些话都告诉我们领导啊！
那没有办法，您这么多费用，没有人可以帮您承担！
客户要怎样无所谓，要干嘛干嘛去，对吧！
您想投诉到哪里如果能解决您的问题我们都不反对！
是系统自动匹配的，所以你不用怀疑我手动输入错误的好吗！
不是我一个人能决定，你一直骂我也没有用的！
我给您看了一下，这个同事是新员工，您看可不可以考虑一下不投诉呢？
您要投诉我的话，这份工作我可能就保不住了！
我刚才有跟你说过了，是这样的 
你先别说，听我先跟你解释一下 
我告诉你的就是刚跟你说的
没办法帮你，你自己再想想其他办法吧 
我已经说了好几次了，还是不懂的话我也没办法了
怎么还不明白了，就是刚跟你解释的啊 
你说的不对，应该是我跟你解释的那样才是对的
你这样一直骂人，是没办法解决你问题的
那是你自己以为的，不是我们说的 
活动规则就已经有公布的，你需要按活动规则来，每个客户都一样的 
也想帮你，但是活动细则规定不能操作，所以也是没办法的
每个银行的政策都不一样，我们银行就是这样的 
刚跟你解释的，你可以自己再想下，不懂再来电咨询了 
官网上都有公布，每个客户都一样 
这个很简单的， 你先自己想想
我们经过专业培训的，所以我跟你解释的就是对的
你找第三方平台先问下吧 ，这个不是我们银行的问题。
我能帮你的就是这样的了，其他的没办法 
费用收取都是这样的，这个是你自己造成的，所以你要自己承担
你没必要纠结，我们银行系统不会出错，你自己再看下吧 
这个是人行的问题，不是我们说了算的，不是我们催就可以的
目前银行政策就是这样的，也不是我决定的
我已经跟您说了很多次了 
没办法、只能这样、就是这样的
领导不在没办法转介，转介不了
这是银行的钱，您用了就得还
我们有短信通知，这是您的问题
投诉到哪里是您的权利
您为什么这么纠结呢
银行是不会为了您这点利息乱收费的
我们邀请客户办理时一定会提示清楚费用的，一定是您没有听清楚
您都用了这么久了应该知道自己的账户情况
就算您投诉到银监局最后也还是转给我们处理
您打过来的没办法再转给其他客服接听，建议您再拨打一遍
我都跟你说了啊
你怎么就听不明白呢
大家都是成年人
欠债还钱天经地义
我们的流程就是这样的 
您自己消费的自己不知道么
您说了这么多到底想要怎么处理
我都跟你说了啊！
我怎么说话了，我正常再跟你沟通啊！
你想怎么办理嘛！
我都已经说过了啊！你还没有听懂吗？
我都已经解释很多遍了，你都不知道，我没有办法解决了！
你到底哪里不知道嘛！跟你说了那么多遍，你都不知道，我也没有办法啊！
你再说一下，我都不清楚你说的是啥？
我就是正常跟你再沟通啊！没有不耐烦啊！
你到底是哪里不知道嘛！你倒是说啊！
我都已经讲过很多遍了，你哪里不知道的，我再跟你说一下
你要是再不懂，我就给你再报一下，你记得听好了啊！
想用就多用呗！不想用你就销了呗！你自己看吧！
你一直纠结这个问题有意思吗？
你那么激动也没用啊！就是我跟你解决问题啊！
你再投诉也没用，还是我给你接电话的啊！
电话要是打不进来，你就多打一下嘛！我们现在也在加班接你们的电话啊！
你自己没有听懂，又不是我的问题
其他的卡片那么好，你干嘛申请我们银行的啊！
你总是扯这个问题，没有意思好不好？我真的解决不了啊!
你要我怎么办理嘛！我本来就没办法给你处理啊！
我打断一下您
先生，不是你这样子理解的
你这样子讲了，我说这么多有什么用呢
您能先听我说完吗
你是哪里不清楚呢，我们账单都有明细的
我刚才说了那么多，不都白说了吗
你想要我怎么办
等我说完你再向我提问
我不是这样子讲的
我刚才没有这样子说
是你自己这样子理解的
我说的没有错啊，你自己听错了
不要纠结这些
你这样子想嘛
怎么乱扣你费用了呢
你说话那么快干嘛
这么跟你说吧
我再给你解释一遍/一下
没听懂，什么意思？
客户：喂？还在听不
你就没理解我说的，听我说好吧
您反馈领导也是无法处理
还不理解？（反问语气）
我们的活动规则就是这样的
这个很简单的
刚刚已经说过了
你还理解不了吗
您换个时间再操作试试看行吧
能理解我的意思？
那你是什么意思
我刚才已经给您解释过了
您先听我说完
我都和你说几遍了，就是这个意思
投诉，这个是您的权利
银行这么多客户，也不是您一位啊
我们的流程就是这样子的，又不是我决定的
我们的系统就是这样子的，又不是我决定的
我要怎么说您才能懂呢
活动已经结束了，您要怎么参加呢
我就是一个小小的客服
就是您自己没有及时还款，我们没办法给您减免，就是要您自己承担的
您消费了多少，您不知道么
我都和您说了这么多遍了，哪里不清楚？
我给你解决的有什么问题，你自己没弄懂
我解释不了了，我接了这么久的电话，没遇到过您这样的
每个银行的政策不一样，我们银行就是这样的
您要是不相信我，你自己再打电话吧
我再解释最后一遍
您一直就在那骂，有用么
您能不这么激动么
你不懂法，就可以去杀人了吗？
你再激动也解决不了任何问题啊？
能不能说下普通话，你那方言谁听得懂啊
麻烦你听懂了，再讲好不好
我都说了这么多遍了，你还是听不懂吗？
你非要这么想，我能怎么办？
你要投诉，那是你的权利，我管不着
你不想要，当时为什么不跟我们同事说清楚呢？现在才来电
随你怎么想吧，反正我帮不了你
每个人都像你一样，那银行还能开下去吗？
你自己忘记还款了？关银行什么事儿啊
银行又不是慈善机构
我们又不是万能的，也不能什么事儿都找我们吧
其他银行那么好，你怎么不去用他们的卡
其他银行有的服务，凭什么我们银行就必须有？
我真是服了你们这帮客户，怎么讲都不明白
这些规定都是白纸黑字写清楚了啊？你自己不看，现在出问题了找我们干嘛？
你自己怎么用卡的，你自己心里清楚啊？
不知道你想表达什么意思？
投诉又不能解决问题
我都已经说过了
你先听我说完
这个问题您自己不清楚吗
我是想解决问题并不想跟您耗时间
你没听明白吗
就是这样，没有什么办法处理
我没有权限处理啊
我已经说得很清楚了你还没有理解
账单早就发了自己去查
你听不懂我的意思吗
银行怎么可能因为你一个人就改变流程
想用就继续用不想用就销卡，看你自己
这么纠结这个问题有意思吗
我已经说了很多遍了
你在激动也没用啊
我就是个客服啊能力有限
电话不好打就多打几次
又不是我的问题
其他银行卡那么好那你就别用我们卡了
我刚刚已经跟您说过了
这个我们处理不了
是不是你自己消费的，是不是要你自己还
我说的已经很清楚了
哪里你没有懂
我最后说一遍
这个账单就是这样的
我们银行的规定的
就是这么收费的
你要不要办，不办就不办
规定就是这样，改不了
还款不够就是有利息，本来就是这样
谁接你的电话都是一样的，没用
就不应该不还
我说的很明白了，不懂您就再来电吧
反正我都解释了
能说的我都说了
你不懂我也没办法
我已经说过很多次了
你究竟想怎么样？
那你想怎么解决？
我没办法承诺你
你先听我说完吗？
你能换个方式表达吗？
我的服务有什么问题吗？
你要投诉我什么？
你能先冷静一下吗？
我也不跟你争
你的理解有问题
我已经说的很清楚了吧
",0.8,all,沟通技巧,0.5,"这是你说的
没办法
解决不了
只能这样了
我也没办法
你懂什么啊
您这话说的
你理解错了
我是说
能听懂吗
什么意思
这是规定
您听不懂吗
这个很简单
我再说一遍
你去柜台吧
不要不耐心
急什么急
我要投诉你
你先听我说
这是常识
您说的不对
您好好想想
您先听我说
你随意吧
你可以投诉
您回答啊
您这话说的
理解吗
明白了吗
现在还没有
怎么可能
没有白拿啊
你想怎么办
解决不了
只能这样了
你理解错了
我是说
能听懂吗
什么意思
再说一遍
我再说一次
就是这样啊
我刚讲过的
反馈不了"
9caf9b51-4fd9-4600-b877-f80c647e18bb,"我这已经用好多年了，啥，额度就没调一次，没调一次额度?
那我前两张下来就是白金，怎么到你们这里下来就是普金卡呢?
但是你们这个记录造成我信用记录不好的话，你们这个要赔偿我，你们这样搞得我信用，一万多的信用，搞得我整个信用都烂掉了，怎么办呢？
你也帮不上我啊?
我不能理解?
每天早上去抢都抢不到，太那啥了。?
额度这么难提吗?
都半年了，调临时额度还不行吗!?
不是您刚刚那样询问的哈?
我不明白您的意思。?
怎么可能刚刚来电才说加收一期手续费，你们是有录音的?
额度为什么这么少啊
我觉得挺乱的
怎么额度又下降了?
你们的卡额度怎么还不提升啊。?
你们电话太难打了?
都半个月了还不发货?
老是骗人的?
那你们这是什么规则嘛?
真不知道，我也不知道这样也会收回去啊，激活与不激活有什么区别啊？?
怎么这么多，你们乱七八糟的收，你们神经病吧?
圆梦金激活不是有时间限制嘛，在有效期内还会随时收回去啊？
我什么时候同意你办理这个?
你们的账单出的云里雾里的?
调来调去调不了?
这不科学，还不能申请一下嘛?
自己查询怎么都查询不到，服务密码没有，输入不对?
往常短信都提示欠款已还清?
谁还用IE8下；跟你们解释不通呗?
你们这个热线实在太难打了?
这么点额度啊?
你们哪有这样的
你们觉得有风险就给我调额啊，我都是正常用卡的，我不管，那我就不还了，当时你们说我用卡好让我升级的白金卡，年费你们收完了现在你们告诉我用卡习惯不好了！?
你们公司真够奇怪的
这是什么鬼东西
你们公司是坑人的吧?
页面没有说明要首次?
什么鬼东西?
你们怎么能这样呢，降额也不通知我，搞的我很窝火。?
怎么回事，我还一次款降一次，还一次降一次。?
这就是你们的问题，怎么投诉？利息我是不会承担的?
我就纳闷了，什么信用卡我用了两年就涨了1000额度?
你天天打电话让我还?
我当时都特意打电话问了你们，你们没有跟我说
快递单号怎么查询不到啊?
你们中信银行在也不会办了，什么烂银行?
你们就这么对待你们的客户
上次我买的一个还挺快的，我一下单，就马上第二天就给我日期啦
我自己都不知道自己卡号，也没有实体卡号。?
我到现在都没有收到货，我查询快递单号查不到任何信息。?
他为什么会这样呢?
消费不出来了，被冻了?
超时，知道啊，你那不可帮我设置吗?
白金卡年费太高了不想办了?
你们中信好搞笑啊
我就是想改一下交易密码怎么这么麻烦啊?
邮寄过来不打电话吗?
你们这个卡已经弄得我还错，已经造成我逾期了，你们到现在还没处理好?
你们就是忽悠人的?
你们中信银行需要分开还的，我也不知道啊
我知道可以提前还，问题是我不可能一次性拿这么多?
我用别的银行卡都没有要两张卡都要还?
你们的做法我就不满意，我要投诉?
你们就一直发短信，连个电话都没有，就有点坑呀，你们
那个记录还在的话，我死都要告着你们?
为什么这么偏低啊?
你们整天搞得有的没的，乱七八糟的
你们就是无赖啊
都是忽悠人的?
我觉得你们就是胡闹
哪有这么搞得啊?
我还你们钱为什么就不显示呢？我都还了两天了还提示我欠那么多，我欠你们的钱就是钱，我还的就不是钱了是吗？为什么别的银行我还完之后就显示剩下的你们就始终显示我的欠款。
你们上边明明就显示的是30秒，这是你们的问题还是我的问题？我真是不想再跟你们说什么了!
我相信我的理解能力没有那么差
为什么不能剔除呢，我记得当时不是我的原因呀/就是你们的原因导致晚还款了，也没有人给我打电话，也没有短信通知
怎么那么费劲呢，我要求投诉
现在这个事到底怎么搞
总是还款就降低，两万变一万一万变五千，为何别的银行都没有，就你们行，不想就销卡了。
你们中信银行竟办这骗人的活动的，真够让人生气的，你们这个银行，什么活动都不知道，自己搞的活动都不知道，你们上岗之前培训吗？我不管，你现在必须给我处理。
那怎么短信可以看到最低额呀/那那那天你们工作人员给我打电话说还最低额可消费，你们不是有录音吗？/那你之前的话，你们的同事给我打电话说，叫我晚上六点之前还的话，就可以继续使用呀，是不是，而我有还进去呀，是不是。
昨天也是这样说，现在还没处理好，这都是你们的说辞而已。要投诉到消费者协会等
什么都查询不到
其他银行都改了，就你们银行不可以。
愿意怎么样就怎么吧
怎么每次我一还款你们就降我的额度
2000块钱年费，这也太高了，你们当时也没说啊！
那你说这种事情怎么办呢
我就是打不通供应商电话才来找你们啊，为什么每次都让我去联系！
为什么是我去问呢，不是应该你告诉客户有什么关联吗？
也不是故意逾期的，
我现在就要用这个钱，你们不给我用，让我陷入绝境我就不管了，你们也别找我了。
为什么我朋友换卡不收费，我就要收15块钱。
中信银行消费成功显示太慢了，您不好意思就算了
我们跑着容易吗，服务态度太差了；
你们这个电话真是太难打了，传真证明不是很快么，我也不需要邮寄，怎么这么麻烦呢！
不对啊，前天还给我发送一条
客户表示政策要变也得考虑老年人不同对待。
刚刚话务员没有发送要还多少钱
你们这啥玩意，调额前你们不给我短信通知。 有没有专门管理的部门。
经常刷，额度就是不能提
这个活动规则不公平，抢到的东西就等于放入购物车等待支付即可，验证码不正确再次支付时就提示抢光了，就等于在购物车抢东西而不是货架上抢，没有这样的规则，谁把我篮子的东西抢走了？
不是我花的为什么要我还啊
为什么我手机申请失败（账单分期）你们人工申请也失败呢，为什么呢？
其他银行都改了，为什么就你们银行改不了
反正我就是很不爽
你让我输这个输那个，烦都烦死了
那你们怎么回事儿，难道是我的责任吗？
那你们这也太费劲了
我不能等，你就现在告诉我
不是我说的，是你们同事跟我说的
人家都有1万多积分可以兑的东西，你们两万多都不行
我觉得这就是你们的套路
怎么能达不到要求呢？
那为什么我上次打电话的时候你们没有给我算进去的呢？
有你们这么办事儿的吗？
这玩意儿打过来都要两分钟，转来转去的，你不知道吗？
无缘无故的卡片就出个账单出来
那怎么给我调整了额度也不告诉我一声吗？
同样是白金卡差距怎么那么大呢？
你跟她沟通什么，这张卡是我在刷，我在还！
你们这成什么了，都诈骗了！
你们银行可真麻烦，你知道吗？
我只是一个普通的用户，我怎么可能知道那么多？
跟我说话不停的插话！
你们这说话哪句是真，哪句是假啊？
你不能让我说解决方案，现在是你们的错误，你得告诉我怎么处理！
那你这么说我不能接受，是你们的责任，征信我不会承担！
你不用跟我重复了，我能听懂！
不是，你们怎么可以有这种事儿呢？
我要的是实际效果，我要的不是反馈，知道吗？
这不是我要减免多少，我不差这点钱，但是你们也得有诚意啊！
我不让办止付，她非要给我办！
那这个结果我不接受的呀！
你们的网站是完全进去不了的！
可是他现在打过来跟我说的，跟我上午问的都不一样啊！
你能不能等等，你太快了吧！
哪有这样的话务员，你们什么中信银行？
我从来没有遇到这种情况，我不知道为什么她为什么有那么多的不耐烦！
我要等多长时间，十天半个月我也等啊！
你们百般阻挠，请问你们是什么态度啊？
那是你们误导我，我得投诉她一下！
那我怎么会不知道呢，你们这又不是很多钱！
我打了很多次的长途电话给你们，你们应该都是有记录在案的，我现在要求你们赔偿我！
我上次打电话让她给我办，结果她没有给我办！
上次也说给我打电话的，你们不会还不联系我吧？
你可以找一下录音，我特意问过的！
你们工作人员几次的措辞我是不能接受的！
专业水平有问题！
我不可能有那么多时间还那么多张卡呀！
你可以说我没抢到，你不能说我没有资格是不是？
你们恶意挂机
你们搞那么多，让我都没有用卡的信心了
那你们不是骗我吗，浪费我的时间
我觉得你们办业务的这个流程真的是很麻烦
你现在不给我处理，我就去银监会投诉
你先听我说好吗，你干嘛呢？
你们客服理解不清楚我的需求，让我打了十几分钟
是你们不愿意接了，就说我电话没有声音了
你们不是欺骗人呢吗？
那你们这个银行是怎么回事儿呢？
这个钱是怎么多出来的，我也不知道呀
你现在就给我造成很大的损失，很大的麻烦！
你们不要觉得态度好就行，态度好不解决问题也不行！
你有什么好保密的啊？
你们有录音，我也有录音
你们也不考虑实际情况！
那你们动卡空间上显示的东西都是假的了？
你们是人吗，还是机器人？
这个问题你必须得给我向上反馈，要不我还得想其他办法！
你们不是专业的吗，你们的口径咋还能不一致呢？
我特意打的电话问的，现在还出这种事儿？
我也是忠诚的老客户了，没必要弄那么高啊？
那你们也没有提示啊，我是故意不还吗？
我不认可这个情况的！
那我的权益不是完全作废了？
给我回复的时候就是一阵沉默，请问你们客服是怎么培训的？
转不出去，你们为啥不通知我呢，我不问，你们就不通知我！
我现在火死了，我跟你说！
你按你们内部处理流程去处理就行了！
就核实这么简简单单的事儿，你们用这么长时间吗？
你到现在都在糊弄我吗？
说的时候是不是你们也没说清楚啊，我们是不是有通话记录，你可以核实一下呀！
你们导致我在国外发生了很尴尬的情况！
你们是不是把客户都当傻子了？
一直以来中信的服务，我没有遇到过这样的！
我不听你这种理由！
你还让我讲几遍
我肯定不记得了呀，那么多信息，我哪记得呢！
我给你们打过电话，你们不是这么说的
你凭什么让我输入交易密码啊？
你们每次都是这样子，过了几个月就还是这样的！
我是不是得报警？
万一有怎么办，你就告诉我，别跟我说没用的！
我还了的，你怎么能说我没还呢？
你当时告诉我啊，你当时也不告诉我，你现在跟我说，就叫欺骗！
他完全不按我说的来，你们银行怎么处理？
你管那么多干嘛？
你们老是晚上跟我联系!
你们就是坑人！
你让我去搜，你这话是什么意思啊？
至于我满不满意，投不投诉是我自己的问题，对吧？
我要的是结果，不是你重新给我算！
你们也不提示，也不打电话告诉我一下，我也不是恶意不还！
你们有点太坑了，我都不知道你们规则什么时候改的！
你们上岗之前都不培训的吗？
谁能记住这个问题呀，你说你问的这个问题！
你们都是在瞎扯淡！
我都跟你们说多少遍了，还让我说！
我都是如实跟你描述的，你可以看你们自己是怎么回答的！
我现在也不想跟你争辩什么，但是我是一定要赔偿，要给我一个说法的！
我跟你说，我有银行中级职称的证书，你们给我普及银行知识？
我希望你们给我一个反馈，否则我会一直投诉下去的，希望你们能够重视！
我没事儿找事儿干吗？
你们的口径不一样啊
是你们的工作人员跟我说的，你们到底怎么回事儿啊？
那你现在听得见吗，你耳朵聋了吗？
你不给我处理，我上你们银行投诉你们去
给我转你们值班经理，听见没有？
这张卡我都没有用，我怎么知道，怎么懂，要还哪个卡上！
你们就是欺骗，你们还有没有诚信了？
我要再次投诉他，完全不按我说的来，擅自汇报。
你这不是扯淡呢吗？
你们不应该耽误我休息的时间！
你们不能告诉我信息，跟我核实资料干吗呢？
你让我自己去网络上查，你什么意思啊？
你们狐狸尾巴露出来了是吧？
你反馈能解决什么问题，你能把钱给我退回来吗？
多亏我自己打电话问了一下，要不然我都不知道！
我觉得你们好搞笑啊！
我现在已经很和颜悦色了，非让我破口大骂吗？
你们就是这么欺负老百姓的吗？
3个工作日，你还让我等3天？
你们自己都弄不清楚，还要给我讲课，想要把我糊弄过去！
你必须给我一个理由！
我要等你多久啊！
其他银行都不像你们家这样的
你怎么还查呢，怎么这么慢呢？
什么态度，我问你是什么态度？
我都没有用过，这个钱是怎么来的？
你这样我可以告你
你自己记录一个投诉吧，别跟我说那么多，你就是服务态度不好！
我对你的服务很是不满意，你给我记录下来！
我还纳闷呢，我还问了好几遍，你们可以自己听录音
我现在是要投诉你，不是要问其他的问题！
这是人之常情嘛，对吧？
你核实不就听个录音吗，用得着那么费劲吗？
我就是不同意，反正我就是不还款了！
那我打电话的时候，你们完全没有跟我说明这个情况，那你们那个客服是真的不行啊！
我好不容易有点素质，还碰上你们的傻逼客服！
你让我怎么接受，我能接受吗？
不行，你们告诉我今天就给我回复，你现在又3个工作日了，我凭什么再等3天啊！
技巧都是第二层次了，主要的是真诚！
你们为什么没有给我讲清楚？
你不觉得这件事情很恶劣吗！
你们的系统能不能改进改进
你是不是做客服的，你会不会好好说话？
那我的钱到底还到哪里去了？
你别说了，你给我去查录音吧
我很蒙，我懵圈了！
你既然给我回复，你就要给我拿出方案，拿出你的态度来，对吧？
现在怎么就核实不了呢？
你乐意销你就销了吧，卡我也不管了！
我打半个小时，都不能解答这么简单的问题！
这不是9毛钱的问题吗，你们让人心里很不爽！
你们话里话外就是这个意思呀？
我希望以后不要发生这种事情了好不好呀！
你们别来害死人！
我到底要等到什么时候啊？
我名字怎么写，你自己看不见吗
你跟谁俩讲话呢？
你们到底是怎么搞的？
我现在就是抗议，我就要告你！
我都已经还了，你们还给我扣钱！
你是大早上故意气我的吗？
那你是怎么算的，你怎么把我整糊涂了呢？
你们的客服完全没有责任心，没有责任感！
我不信任你们，我怎么能信任你们呢！
你们的办事效率真是高呀！
你们这件事情搞得我已经不信任你们了！
你们在引导我们犯罪，你知不知道！
这是你们的失误
我都想把你们卡销了，你不用跟我解释了
中信银行就要你这样的客服啊？
你说气不气人啊？
你们这是欺负人，你知不知道？
你给我开什么玩笑呢？
这么多银行，你们银行没有什么优势吧，你们咋还这么牛逼呢？
你们到底行不行，不行就滚蛋！
这是你们严重的错误，不是你们解决不解决，你们气不气人！
我能不能再反馈给你的上级，她们不接电话是吗？
你有没有跟我说过这个话，你有没有说？
我告诉你，谁都有电话录音
我现在就要个说法
你们不能给我何时完回过来吗，让我等了十几分钟！
你们给我讲了15分钟，没有任何实质性的东西！
你听不懂的吗？
我二十多分钟不是时间啊，你现在跟我道歉有什么用啊？
你们这样我觉得很不合理
老百姓的钱不是钱啊？
你必须得给我反馈，给我处理！
哪个银行是这样服务的？
你后来说了还有什么用啊，你前面怎么给我说滴？
你们不保证，我就不挂电话
你一个抱歉就完事儿了呀，我欠你家的呀？
你抱歉就完事儿了呀？
你必须得给我调回来，必须给我一个说法
你们以为这是过家家吗？
你觉得你能接受吗？
那以后是以后，以后我就知道了，但这次你得给我处理！
你搞错了，我投诉是让你们给我回电话的，你听明白我的意思了吗？
你不用跟我道歉，我就是实话实说！
我凭什么不能到你们柜台办理注销，柜台不是你们中信银行吗？
我要有直接的方法直接打你们总部的电话投诉！
你们没有这个道理的好不好？
你刚开始干嘛去了，啊？
让你们值班经理十分钟之内给我回电话！
你什么语气给我报的工号，啊？
你挺硬啊，你脾气挺硬啊！
你是不是浪费我时间，我再问你一遍?
我问你话呢，你听不着啊？
我再问你最后一遍，我问你的东西，你听着没有？
你不说话，咱们就耗，看谁能耗过谁？
谁让你转的，你玩我呢，你们中信银行玩广大群众呢？
什么叫我让你怎么回答，你什么口气，你自己不知道吗？
你必须得再给我打个电话赔礼道歉！
你他妈的是怎么长大的，你脑子有病吧！
你抢你妈了个逼啊，你能不能不抢话？
你他妈的是不是闲的慌的，给我打这个电话干什么？
你又不能处理，你给我打这个电话干什么？
你听不懂人话吗？
你们有没有处理投诉的人？
你连这点智商都没有吗，我一直在说话，你一直在插嘴！
你是畜生吗？
你给我解释清楚你打来电话是什么意思，你解释不清楚，你不能给我挂电话！
你是不是犯贱，找骂啊？
你解决不了问题，你给我来什么电话啊？
你没有权限，你给我回电话干什么啊？
你们银行是不是专门找你们素质低下的做外呼，气别人啊？
你们工作人员几次的措辞我是不能接受的！
你们是不是把客户都当傻子了？
我跟你说，我有银行中级职称的证书，你们给我普及银行知识？
你们自己都弄不清楚，还要给我讲课，想要把我糊弄过去！
技巧都是第二层次了，主要的是真诚！
我希望以后不要发生这种事情了好不好呀！
你们这件事情搞得我已经不信任你们了！
你们给我讲了15分钟，没有任何实质性的东西！
你们没有这个道理的好不好？
这不是钱的事儿，这是一种安全性的考虑！
你能不能提高一下咱们沟通的效率！
你现在就是把责任推给商家了，人家是正常处理，想跟你们几级沟通的，是你们不跟他们沟通！
你想想你们有没有不到位的地方！
你一直让我稍等稍等，也给不了我一个专业性的答复！
你是让我教你们怎么核实吗？
你们是服务提供方，我是消费者，不是我担待你们哦，你们角色是不是搞错了！
我用你教我呀，我也在银行工作十几年了！
我不是第一次办预授权，你不要跟我绕，请你正面回答我的问题！
是不是我哪天逗你一下，玩一下，然后我说对不起，说理解你，行不行？
人家商户是没有责任的，你们有责任的是不是？
我都无语了！
你一直向我提要求，商户有责任吗，我有责任吗？
本来客户刷信用卡是为了方便，你看我现在！
你不要拿这些东西糊弄我！
你不要跟我讲这些道理，也不要让我不要担心！
你事情都没有搞清楚就给我回电话？
我恼火的事情是什么，是事情不应该这样子处理的！
你自己去给我听一下我跟你们沟通的录音！
这个电话，你打给我是正作用，还是副作用！
谁用你给我讲预授权的道理，要不要我给你讲一下天气为什么会下雨，风马牛不想提的好吧！
商户在事情没有弄清楚的时候，人家是说先沟通，你们直接就把责任推给商家了！
315也是刚刚过，刚刚成立了银行监管部门，我是不是也要打一下这个电话？
那为什么没有微信、短信提醒呢，哪去了呢？
道歉有用吗，如果道歉有用，国家还需要法律吗？
不是我担心不担心，而是你们没有做好你们该做的！
什么是可能啊，我买东西我就说我可能买了，可以的吗？
我打你们电话那么长时间，没有给我赔偿吗？
我是不是提醒你们了，你们怎么还不改正？
什么叫可能呀，我每次消费完，我说，不好意思我可能要还款，可以是吧？
狼来了的故事，你们现在就是这样的，我已经不相信你们了！
我昨天我说话是他妈放屁的是吧？
算了算了，多说无益！
你们就是这么对待客户的呀！
我卡已经注销了，怎么还会出现这种问题呢？
没有提前缴款，你们怎么会给我销卡呢！
我当时销了几家银行的账户，就你们家出现这种问题！
这不合理啊，我有欠款你们怎么可能给我销卡呢？
搞得我莫名其妙！
这也是你们工作人员的失职啊！
你们电话都是有录音的，你们可以自己核实录音的！
钱都是小事儿，我关心的是征信的问题！
我欠钱你们也不联系我，我收到邮件，我才知道！
在没经过我确认的情况下，自作主张！
你做任何决定，任何操作必须要经过客户的认可！
我哪有时间总有时间等你们的电话，让你们搞这些事情啊！
你们自说自话的这种行为！
那你这个人莫名其妙啊！
你这个人是有问题的！
你这样子弄得我很不爽的！
我不需要你来个止付啊，那你知道你为什么还给我支付呀？
你真的是有毛病的！
你真的是有神经病的！
我这种情况我不需要你负责！
你何必给我惹麻烦呢？
你还在跟我解释什么啊？
很讨厌，你这个人真的很讨厌！
你不好意思你解决不了我的问题啊！
你真的是脑子有毛病的！
我的卡在不在跟你没有任何关系！
你凭什么给我止付，你凭什么呢？
我要直接投诉，让你们领导知道！
你们也太离谱了吧！
你这严重影响了我的信用记录啊！
大清早的给我发短信，让我开死亡证明！
你们怎么办事的？
反正我就要获得礼品
你们同事怎么那么不负责任
当初你们是怎么说的
你们怎么说的都不一样
你们怎么瞎搞的
语气和态度不好
浪费我半天时间
你们都是一群猪脑子的！
没有理解我的意思
给我带来很大麻烦
你眼睛不是长进屁股里去了吗？
非得逼我生气，跟你喊是吗？
你越他妈问，我越生气，知道吗？
让她给我赔礼道歉！
你听得懂人话吗？
这笔办完我就把卡销了，太费劲了！
你们人工犯的错误，让我来承担！
由于你们制度的原因，还得让我等一个礼拜！
你们再怎么说都是套话了！
你们短信都不发给我，我怎么知道什么时候开始抢兑呀！
那你这个太不合理了，万一我储蓄卡上的钱急用你给我扣掉，我怎么办？
你们业务人员说办白金卡15000以上额度我才开的卡，那不是骗人嘛？你们工作人员骗人的嘛
你给我查询下当时哪位接的电话，我要投诉他
你们这利息也太高了，比高利贷还高
你们上个月派了六个人去了我家找我，你说你们人员要是让我活，让我好好活着，我至少慢慢还你们，如果你们被逼得没有办法了，去了法院了，你说我怎么办，我还小着呢
哪里有人问这个的。你问这些干什么，怕我是假的，我怎么会记得。
我自己多存的钱，你们不给我利息就算了，转出来还要收我费
你们人工太难打了，20分钟了都没人接，你们人工干什么去了
评分不下来，你得给我一个理由啊，你们一千都不给我批啊？我以前办过中信的，只不过注销了，你们故意整我啊？
我办理分期时你们没提示我要收这么多费，你们简直是在欺诈
你们这个真的太麻烦了，我找了半天都没看到
你们银行太不人性化了
你们在玩弄文字游戏
我根本没有让开通，你们凭什么乱扣我钱
我用了这么长时间卡了，分期也给你们办了，怎么还不给我调额。
降额也没有短信通知，什么通知都没有，什么也没有
每年收我卡费了，就这么服务我是吗？玩呢
我就是本人，问这么多，真是麻烦
你们不要每次说反馈反馈，就不解决问题，要把我往死路上逼，你们不要忽悠我
每年收我卡费了，就这么服务我是吗？玩呢
每个人说的都不一样，没有一个标准，我打电话就是投诉
哪点综合评分不足了，单位，学历，财力不合格，你说哪一点
能不能换个人，跟你说咋那么费劲呢
你考虑下你们银行做事有多过分，真是太过分了。
你们官网怎么那么差，跟招商没法比
你们人工怎么这么难打啊。
这是霸王条款。
黑心银行，就知道收我们客户的钱。
搞不起活动就别搞。
你们这是欺骗消费者。
给我等着，我要向媒体曝光你们。
你是不是新来的，查询这么慢。
你要是处理不了，给我换个人服务。
把我卡片止付了，当初为什么给我批核，你们是谁啊。
你们是不是都上过大学啊，什么素质。
会数数吗？账单都能看错。
你还是大学上呐，怎么说话硬邦邦的。
什么意思？我核身问题不记得怎么了，赶紧的。
你处理不了，就给我转介你们领导，不要浪费我的时间。
你们银行脑子是不是有毛病啊，给我这么少的额度。
你们是不是抢钱啊，收我这么多利息。
凭什么停止我用卡还不告诉我，我要投诉你们。
我就是持卡人本人，怎么就不能办理业务了。
我就是持卡人本人，怎么就不能办理业务了。
我就是持卡人本人，怎么就不能办理业务了。
我已经被你说晕了，太复杂了。
这你都找不到，是不是输入错误了。
处理这个业务要那么久啊.
服务太差了。
我要投诉到媒体、银监局。
我要投诉你们那个同事,服务不好
你们降低额度怎么没有提前通知啊?你们银行是霸王条款
怎么我用卡那么久都不能调整额度？我还款没有准时吗？
你怎么那么不专业啊？
你们到底怎么回事啊？刚才又说取消了，到你这里又模棱两可
你们动卡空间那么多密码，我都不知道怎么记，只有你们银行那么麻烦
我资料都很多年的了，谁还会记得啊
你们银行怎么那么麻烦啊
我刚才打了一个多小时，你们都不接电话，你们不知道你们的电话那么难打吗?
你们没人告诉我还款还至那张卡上，什么电子卡你们当时都没有说清楚
我还款了为什么你们短信提示我逾期，我不是已经还了吗？
你们每天都说反馈一下，我都等了十几天了，我等不了了
为什么其他人可以更新征信，我就不可以？
你们都没有短信通知我还款，从来都没有，都是我自己查询的
我谅解不了你们，你们都不给我解决
你们根本就没有去做，你们这个我都接受不了的
我为什么不符合资格，你给我说说你们的规则及看看我账户是不是已经符合了
我要投诉你们，你们之前升级的时候告诉我额度会长的
为什么当初你们升级时没有说清楚降级要换卡？我都没有用你们的新卡，你们为什么要换卡？
升级时都没那么麻烦，现在降级就那么麻烦
我都达标了，为什么你们连资格都不给我？",0.6,客户,换位思考,0.5,"这么麻烦
太难刷了
跑太远了
可打通了
已下表反馈
操你妈地
那我不管
你们搞鬼呀
要有个说法
我要投诉"
ca6f955b-a5a5-4bee-83bf-c1be88957caa,"你到时候再打电话把
要转之前同事
这个事情不是我跟进的
那你去找别人啊
又不是我弄的
就是你自己的问题啊
你去问问xx吧
规定就是这样子的
要不你重新打电话进来
要不你再等一下
你自己查一下吧
你自己可以看账单啊
你自己看不就知道了
晚点再看一下吧
你自己想想办法吧
要不你让别人帮你一下
我也不知道什么情况啊 
这跟我们没关系，您去找XX吧
您这个业务有人处理过，我还是帮你转给那个同事吧
可能就是这样子吧，你试试
如果不行，您下次再来电吧
您的问题我处理不了了，我帮你转介一下领导回复
这个我不会，我帮你换个人吧
差不多是这样子了，没有别的办法了
这个我不知道哦
你可以打这个电话问问什么情况
你下次再打电话申请减免费用吧
这个要过段时间再打电话试试的
你这个业务最好自己在动卡空间办理
不好意思，我是新来的
这个业务有点复杂
你和我说也没有用的
现在有点忙，你晚点再打电话吧
这个是规定，改不了的
要不你用别的银行的卡片吧
又不是我不帮您，是这个问题没有解决办法
我的权限有限
你可以自己再试试
我想帮您但是…
我只是个客服
自助办理更好
你可以app上了解
微信公众号里都有
我给您发送一下链接
系统升级办理不了
你可以自行来电
我们不能回电
回电您可能接不到，您自己
今天办不了，明天再来电吧
您打投诉建议专线投诉吧
今天我也办理不了， 你明天致电来办理就可以
这是储蓄卡的业务，我们是信用卡中心无法为您处理
我已经告诉过你啦，我这里办理不了
这个你去找别的银行
我已经尽力了，我帮不了你
你遇到的问题，也不是我的问题。
这个我不负责，麻烦你找别人
你问我我也不知道的，这是第三方平台的处理的问题
很抱歉，一通电话只能核实一次，本此通话未核实通过，请稍后致电
这个我没有权限处理不了
活动都是有规则的，我也决定不了
这个是系统的问题，我也没办法
我们也天天加班，你打电话打不进来我也没有办法
语音系统拨打流程繁琐，这也不是我的问题呀
中信银行手机APP的问题，请您联系储蓄卡，我这边处理不了
如涉及到中信官网的问题，也请您联系咱们储蓄卡
我们只能处理信用卡业务，其他平台的业务无法处理
动卡空间软件无法解绑，我也没办法
不是我不愿意，是确实帮不到
你再试试吧，不行再次联系
你到时再来电
后面有费用你再来电，应该是没有
你是要找之前的同事是吗
我需要问下上位同事
帮你转接给上位同事回电是吗
这个我看不到，你问下在线客服吧
这个我不清楚
没办法转接其他人
你有需要再给我们打电话吧
需要你重新致电
我们就不打扰你了，到时你想好了再给我们打电话
我记录了，你到时看看，看好了再给我们打电话
现在办理不了
我不知道你和上位同事沟通情况
我帮你问问，你保持手机号码畅通
我明天休息，你有需要再给我们打个电话吧
晚点再试一试号码，我现在也不知道问题在哪里
没找到你说的这个，你再看看
没有你说的这个哦，你是不是看错了
过几天你再来电吧
这是我们银行的流程
我解决不了你的问题，你再打一次电话
我看你之前来过电话，我让那个工作人员跟你联系
您拨打我们银行供应商确认一下
我想帮您，但是我没有权限
这是厂商的问题
这是你个人疏忽
这又不是我个人的问题
您的问题我们银行不能帮您解决
银行又不是我开的，我说了不算
这是您个人喜好问题，您个人承担
您去找您的客户经理确认一下
我们电话都有录音，所以不存在误导您
我明天休假，您自己来电吧
只能这样，我也没办法
这是我们电话销售人员的问题，你去找他
应该是系统问题，您明天再来电试试
这个问题不是有工作人员跟您说过了吗
您这个情况比较复杂
你再考虑一下再来电话吧
您这个情况有我们专职同事负责
我不懂您的意思
你再打一通电话吧
明天我不上班，您自己来电吧
你找别人吧，这不是我们银行的
不好意思，没办法
你明天再来电话吧
你自己去找供应商
官网上有你自己去看
跟我们银行没有关系
您可以打开快递看一下
我们有用卡服务手册，上面都有
先生，稍后为您转接语音，您重新选择进入下一个客服
这件事有人在处理了
这不是我负责的范围
您这种情况我也没有办法啊
要不您再想想其他办法
这也不是我们银行的责任
我有说吗？您听错了吧
你明天再拨打我们的客服电话吧
你收到卡的时候没去看我们的用卡指南啊
你的消费你可以自己通过微信查的
你再等等吧，东西邮寄需要时间的
跟你解释这么多你也不能理解，你先自己去体会下吧，有问题再来电
你可以让你家人帮你操作查询
你说的我真的不知道，你可以打其他银行的电话确认
这个我真的没有办法帮你了
这个情况只能让商户给你处理了，你再联系商户吧
下次你再来电话查查处理的情况吧
这个网银问题你直接通过官网联系在线客服处理吧，我不负责的
我真的是没有办法了，给你的结果就是这样，如果不接受就找其他人处理吧
应该是你当时没有听清楚办卡工作人员的介绍，你可以再找下给你办卡的人
短信已经给你发了结果了呀，你再去看下吧
您到时再来电处理就可以了
我帮您转介之前同事处理
我明天休息，麻烦您到时再来个电话
不好意思，查不了
你可以再来电话
我们没有这个义务
您让其他同事帮您处理一下
查不了就是查不了
账单已经提示您了
您自己去看就可以了
不是我帮您处理的，我不太清楚
这不是咱们银行的问题
这个不是我负责的
您自己查询一下吧
您先确认好再找我们
你找一下给您办卡的同事吧
这是您自己的问题
你找我们也没用
我们没有这样的服务
这个超出了我的工作范围
您的问题不是我行导致的，建议您咨询第三方确认
建议您核实后再致电
建议您可以发送截图给到在线客服确认
建议您多次尝试
目前反馈的问题我行暂时处理不了建议您自行关注
我们没有关注跟进的系统，您只能自行来电了
我已经给您备注了，后期来电同事会跟进的
您需要转介上位同事给您跟进吗
我不是上次接您电话的同事，您说的我不太了解
非常抱歉我这边核实不了
建议您考虑清楚后再来电
您可以先与家人确认好分期的期数再办理的
这个我们不太清楚
建议联系商户确认
您在我行卡片正常，建议您换其他方式尝试使用
我们是不能自行联系客户
这个业务没办法受理
需要自行关注
麻烦您自己留意了
核实身份不通过建议您再来电
我听不懂您说的活动，您再去看一下活动再来点咨询吧
我们的账单没问题，您先自己去查看一下，有问题再来电吧
看到之前同事在跟进，我帮您转介吧
我也没有办法
你自己去找供应商吧
这个需要预留号码来电办理，你再重打一次吧
我们银行不管这个
我无法解决您的问题，你再重新打电话吧
今天太晚了，无法处理，明天您早点来电吧
我明天休息，无法为您跟进
这是你自己不还款导致的
我们活动都有细则，你没有仔细看嘛
我没这个权利
银行流程就是这样的，大家都要遵守
我们同事不是和您回了电话了吗
不是发了单号给您吗，你自己可以查看的
等出了账单你再来电话减费用吧
我换个人和您说吧
同一个问题已经说了很多遍了，你自己理解一下吧
我只能查到这些，别的无法再为您处理了
这个问题不归我管，你找其他人吧
你明天再打过来吧
这个不是银行的问题，处理不了
你的这个问题之前已经有同事处理啦，我给你转上一个同事吧
银行流程就是这样的，没有办法
活动规则就是这样的，没有办法
今天办理不了，你明天再来电吧
情况已经全部登记，如果还有问题可在线转主管，您还是不同意的话我确实帮不到您什么了
你自己去找商户吧
这个需要xxx，你再重打一次吧
我们银行不负责这个业务
本次确实无法解决您的问题，你再重新打电话吧
这个问题现在处理不了，你找在线客服吧
我明天休息，无法为您跟进，你自己再来电吧
是因您自己不XXX导致的
我们活动都是有细则，是因为你自己没有仔细看
等出了账单你再来电话减费用吧
这就是银行的规则，大家都要遵守
我们同事不是已经给您回了电话了吗
不是发了账单给您了吗，你自己可以查看的
你稍后可以通过动卡/微信查询
你可以晚点再看看
你可以稍后再来电
我让之前的同事给你回电解决吧
你过一会再试试可能就好了
你问问对方能不能办理
你详细看看活动介绍再问
现在我这里没有办法为你处理
我把供应商的电话电话给你，你问下他们
你的实名制需要电信那边查询后才知道，你直接问问他们
现在不是工作日的办公时间，你等到工作日办公时间再来电
你说的那天我休息，你再打电话过来吧
这个我没有办法为你关注，还需要你自己关注一下
我明天是下午班，没办法上午联系你
这个就不是我的工作范围了，我不知道，没办法确认
我现在到了吃饭时间了，你再重新拨打一次电话吧
这不是我们的问题，没办法解决
这个问题你最好找在线客服解决
你说的问题我确实不知道去找谁处理
这个问题不是我跟你说的，我不知道什么情况
今天办不了，您明天再来电
这个问题现在无法处理
自助渠道可以办
您考虑好再来电
正常处理时效，无法加急
您说的这样处理不了
规则就是这样的
您找供应商问问
这个不归我们负责
这个问题你应该找谁谁
您的需求满足不了
您说情况已记录会有其他工作人员联系
现在处理不了，等专职人员
我没有权限，处理不了
您想怎么处理呢
您说您想减免多少，我给您申请
这个没办法，确实解决不了
现在这个业务办不了，您自助渠道办吧
借款没到账，您再等等或者问接受行吧
没有办法，卡状态变是正常的
重新换个商户消费吧，
老客户有老客户的活动嘛， 新客户有新客户的活动
那你重新再拨打客服热线吧
我刚刚已经和你说了
我们这边是查询不到的
办不了就是办不了
这个有意义吗
查询不到，你过几天再来电查询吧
您自己报一个
无法更换接听人员
我们是接客户电话的
咱们是给您正常解释呀
银行退款逻辑是这样的
新华字典上有解释
你这么想我也没有办法
你自己理解的有问题
真的查询不了，无法确认
这跟我们没关系，您去找XX吧
您这个业务有人处理过，我还是帮你转给那个同事吧
可能就是这样子吧，你试试
如果不行，您下次再来电吧
您的问题我处理不了了，我帮你转介一下领导回复
这个我不会，我帮你换个人吧
差不多是这样子了，没有别的办法了
这个我不知道哦
你可以打这个电话问问什么情况
你下次再打电话申请减免费用吧
这个要过段时间再打电话试试的
你这个业务最好自己在动卡空间办理
不好意思，我是新来的
这个业务有点复杂
你和我说也没有用的
现在有点忙，你晚点再打电话吧
这个是规定，改不了的
要不你用别的银行的卡片吧
又不是我不帮您，是这个问题没有解决办法
明天我们班次比较晚，还是你自己来电比较好
人工计算有误差，你明天再来查询
取消不了就是取消不了，我也没办法
我只是个客服/接电话的
如果我能确认到肯定没必要拒绝您，但是确实确认不到
也不知道为什么分开扣
那我们流程就是这样子啊，你要我怎么做
这本来就是银行的规定，你要我怎么跟你讲嘛
解除不了，没有办法，我已经说过了
我不想跟你说那么多，没有办法解除
我给你转专职同事吧，你跟他们交流一下
能帮您做的已经做了，如果您还不接受只能帮您转主管了
您还是不同意的话我确实帮不到您什么了
那我现在回你这个电话没有任何意义
您不来电话也销不了，对不起
没态度跟您说，您是第三方
其他客服怎么样的情况不太清楚
是呀，我有说过吗
我转介之前处理同事，让她给你回电
这个我不清楚，不是我给你办的 
这个不是我能处理的 
你这个有同事已经在跟进了，你耐心等待好吧
哦，那可能之前同事给你提供错误信息了
你知道他工号吗，我反馈一下
现在系统结算，无法办理你的业务
之前谁给你办理的，我让同事给你回电
现在转介不了，你重新再打吧
这是你的权利，你可以重新拨打电话反馈
我能转肯定给你转，但现在转不了呀
我把账单发给你，你可以自己看看
我们上班不能看手机，无法同步操作
我们上不了外网，你可以自己去核实
这个要联系供应商，我们处理不了
这你要联系保险公司
我只是个客服
你明天再打电话过来好吧
这个需要你自行关注
我的权限有限
你可以自己再试试
我想帮您但是…
我只是个客服
自助办理更好
你可以app上了解
微信公众号里都有
我给您发送一下链接
系统升级办理不了
你可以自行来电
我们不能回电
回电您可能接不到，您自己
今天办不了，明天再来电吧
您打投诉建议专线投诉吧
这个需要您自己来电办理
这个没有去看，您后期关注账单还款
我们同事今天不是跟您说了吗
您自己计算好吗
账单出来，您自己就能看到了
我们同事会联系您的
明天我休假，需要您重新来电办理
没有到账，办理不了，您自己之后再来电吧
我们每个同事都能为您办理的
我只是个小小的客服
我们是24小时服务的，您可以随时来电，都有人为您处理
我这里没有外网，您自己在网上查询吧
我权限有限，我处理不了
我帮您转介之前接听电话的人给您回电
具体的网点信息，您可以百度
您打供应商的电话问问吧
你们怎么沟通的，我不清楚，我转介之前沟通的同事给您回电
这个计算很复杂，等账单出来后，以账单为准吧
您的明细比较多，您自己查看电子账单吧
系统清算，办理不了
还款没到账，办理不了
我帮你转介之前同事，他比较清楚
和我没关系，我办理不了
银行的规定没办法
你可以通过网银办理，我们人工还很麻烦那
对不起，这个需要你明天来电，因为没到账
银行的政策没办法改，我也办理不了
我休息，你再来电吧
我们主管不上班，你再来电吧
我一个小小的客服，办理不了的
领导也没办法，办理不了
你可以投诉，再打电话过来
我们不能换人，您再打过来吧
我们不能换人，我给您转IVR
这个不知道，你问下办卡人员
这个不知道，你问下分行
这个不知道，我给你个电话你自己咨询下
这个不知道，你百度下
这个业务我们没有
这个不是我们这边办理的
你自己联系供应商确认吧
不好意思，我这边处理不了
不好意思，我这边查询不了
您联系商户确认就好，我们这边也是一样要联系商户的
我明天休息，你自行再来电吧
这个是需要你自己联系保险那边的（多次婉拒客户反馈需求）
这个是网银问题，建议你咨询储蓄卡客服
（借贷合一账户）你可能还到储蓄账户里了，建议你咨询储蓄卡那边
我这边是回电办理分期的，如果有其他需求建议您拨打客服电话
那我帮你转上一位接线同事处理
你还是等入账后再来电核实吧（客户多次要求同事跟进）
现在晚上系统结算，无法办理（客户多次要求同事关注处理）
这个活动是银联那边推出的，你要咨询那边
你网上第三方平台交易不成功，要咨询交易平台那边
积分礼品的问题要咨询供应商那边，礼品不是我们发的
利息还没生产，你等出账单后再来电（客户质疑同事不能处理）
你自己百度上查询一下邮编吧
网点的电话官网都有，你自己查询一下吧
这边不能转其他人接听
我帮你转之前同事处理，让她给你回电
我们电话比较繁忙，如果您后面记起来还有需求再重新来电吧
我这边查不了，你去百度查询一下
我马上要下班了，无法回电，你重新来电吧
我只是个员工，解决不了你的问题
我说我处理不了就是处理不了
这个就是要联系商户，没有其他办法
现在太晚了，你后面自己重新再来电吧
这个是之前同事的问题，我不知道情况
这个不在我的权限范围内，无法处理
这是系统问题，解决不了
这个是你自己的问题，你自己去协商吧
我们银行不是救济机构，处理不了就是处理不了
有什么问题你可以去找监察
无法在线转介，你重新来电吧
我们这边上不了外网，你自己上网去查询
这是储蓄卡那边的问题，你自己去打储蓄卡解决吧
如果你不相信我，你可以重新来电换个客服
我去帮您找上一个同事回电
这个要你自己找快递公司联系，我们处理不了
先生你通过网络渠道办理就行了
我们人工办理不了的
我刚才已经跟你说过办理不了了啊
不是我不想解决，是解决不了
明天你自己来个电话吧
我们现在处理不了，你明天来电办理
我不知道之前同事怎么跟您沟通的，我让之前同事给您回电
我明白不上班，您明天方便自行来电处理
现在还未入账，处理不了的，你等入账后来电办理
我现在也办理不了，你稍后再试试看有没有问题
我只是一个客服
你再等等，我们同事如果答应给您回电，一定会回电处理的
晚上只能办理查询业务先生，你明天早上九点后再来电办理其他业务吧
我等下发送短信给您，您按短信内容操作，人工更改比较麻烦，这种方式方便很多
我把账单发给你，你自己看看看吧
你自己找供应商问问能不能退，我们这边操作不了的
我们这边查询不到你要兑换什么东西，你可以在官方看看
我们这边看不到您所在界面，我们是连不上外网的，你再试试，还是不行的话就截图给在线客服
我们上班不允许拿手机的，你看看界面上有没有
您再去打电话问一下您的供应商看看有没有实名认证，我们这边看到是没有的，如果您确定有您再跟供应商确定一下是不是不是这个手机
你明天再来电话看下吧
这个不清楚，你可以后期关注一下
你后面再关注一下吧
喔，那我转介你之前沟通的同事看一下
又不是我弄得，干嘛找我呀
我建议您核实后再来电，这样会好一些
建议您可以发送截图给到在线客服确认一下情况
建议您多次尝试，有问题再来电咨询
您反馈的问题我行暂时处理不了，不是我们的问题，建议您一下自行关注一下
不方便跟进，麻烦您后期自行来电了
我已经给您备注了，后期来电同事会跟进的
您需要转介上位同事给您跟进吗
我不是上次接您电话的同事，您说的我不太了解，帮您转接之前的
我也不清楚，您别问我了
这个我不知道
这不是我们的责任
我不清楚，你找其他的分行询问吧
办不了，谁让你没有记得这些问题，自己后面关注一下吧
系统故障，你重新再拨打一次客服吧
你明天再打过来吧
很抱歉，我们不能回拨您的系统手机办理业务！
我现在不用记录，您重新来电的时候跟我们同事说就好了
我们在线转不了投诉，我们没法给您转介！
我没法给你关注，您明天自己来电话处理吧！
您还是不同意的话我确实帮不到您什么了！
现在系统无法修改，您让我怎么处理，只能这样了！
现在不是办公时间，确实没法受理您的需求！
那你要是一直坚持按照这个角度想的话，我们也没办法了！
您要求回复的时间太晚了，您稍后方便自己来电吧！
您的消费太多了，几十笔呢，您自己查询一下电子账单吧！
我们是呼入电话，无法进行外呼电话的！
不能您要求什么时候回，我们就能什么时候回的，我们也有自己的工作时间！
我明天没法处理，我明天休假！
您还是先咨询一下在线客服吧，不行你再联系我们！
您找我们领导也是一样的处理方式，处理不了就是处理不了的！
我不能给您家人回这个电话，您家人也没有要求我们回复他，您还是让他自己来电吧！
您兑换礼品只能是自己通过自助渠道兑换，现在换不了，您就换一个时间，我们真的处理不了，没有权限！
我记录了也是没有人处理的，所以您还是自己留意一下账户吧！
您出账单还有十几天呢，我给您关注就可能忘记，延误您需求了，您还是出账单后自己来电申请吧！
您下次来电我们其他同事也是会处理您的需求，您不必要转给我！
晚点再看一下吧
你可以自己再试试
自助渠道也可以去办理的，您可以试下 
麻烦您后期再自行来电一下
你自己可以看账单啊
可能就是这样子吧，你试试
你后天再打电话申请减免费用就可以了
我给你发一个短信链接你看下
我给你发一个官网网址你先了解一下，后期不懂的可以随时再来电 
今天无法操作哦，麻烦你明天再来电一下
你先自己查一下，后期如果有问题可以再来电告知我们
我这边看到卡片没问题，你先咨询下第三方平台，你先咨询下其他银行试下 
你先找下官网上的在线客服，她那边会更快速专业的给你做解答
要不你先卸载一下动卡空间，重新安装一下，如果还有问题再致电我行
你先自行关注一下卡片情况，如果有问题再来电反馈 
没办法在线转介，你可以再重新来电 
你可以找下办卡业务人员咨询下活动或者从官网上了解一下 
你考虑好了之后再来电吧
你这个情况有同事跟进了，你再耐心等待一下吧 
要不你看下其他朋友能不能帮你一下，后期有问题再随时来电 
刚跟你解释的，你可以自己再想下，不懂再来电咨询了 
你那边信号应该不好，你要不待会到信号好点的地方再重新来电吧 
建议您让本人来电话查询，我们没办法回拨
这边暂时查询不到，建议您明天再来电话
我明天不上班，建议您致电客服就可以了
不好意思，我们现在爆线回不了电话
你不能给我回吗？您再来电话就可以了，任何一个客服都能处理
您不用找我，别人也能处理
那我帮你转上一位接线同事处理
不好意思，这个我们处理不了
建议您自己拨打邮政电话
建议您自己拨打供应商电话
我现在查不到，建议您XX再来电话
这个之前不是我处理的，我给您转介之前的同事
我只是个客服，我没有权限
转介领导也是一样的处理方案
建议您找商户协商，银行这边确认没办法处理
账单明细中都有，您先看一下，有疑问再来电
需要今晚系统结算后明天才能处理，没办法给您关注，建议您再来电话
我们连不了外网，查询不到
我们是查询不到礼品的，礼品有很多，您可以自己查看
领导回复也是一样的
我休息啊！不上班，你自己来电话吧！
这个我不会，而且我也放假了，你自行再打个电话过来查吧！
现在那么晚了，你明天再来电办理吧！
现在已经很晚了，明天我休假，你明天早上再来电吧！
我给你转给之前同事吧！我不太清楚你们沟通过什么
这个业务我不会，你要不通过自助渠道办理吧！
我刚来没有多久，这个业务我不会，你要不重新打一次吧！
你问一下供应商吧！我不知道什么情况
我已经没有权限办理你的业务了，你要不通过自助渠道办理吧！
要不你就自助办理，要不你就再打一遍客服。
你自己可以找其他渠道办理一下的
这个业务您都咨询之前同事了，你可以再问一下他啊！
这不是我能力可以解决的问题，我实在解决不了
银行本来就是这样规定的，我肯定不能去犯那些规定啊
这个你完全都可以通过其他渠道办理，不用通过人工的
我在线转不了投诉，也没法给您转介，你自己再来电投诉吧！
我休假，没法给你关注，你明天自己来电话处理吧！
就算你不同意，我也帮不了你啊！
现在系统改不了，你想让我怎么处理嘛！
现在不是正常的工作时间，没法受理您的业务，你自己白天再来电吧！
你到时再来电
后面有费用你再来电，应该是没有
你是要找之前的同事是吗
我需要问下上位同事
帮你转接给上位同事回电是吗
这个我看不到，你问下在线客服吧
这个我不清楚
没办法转接其他人
你有需要再给我们打电话吧
需要你重新致电
我们就不打扰你了，到时你想好了再给我们打电话
我记录了，你到时看看，看好了再给我们打电话
现在办理不了
我不知道你和上位同事沟通情况
我帮你问问，你保持手机号码畅通
我明天休息，你有需要再给我们打个电话吧
晚点再试一试号码，我现在也不知道问题在哪里
没找到你说的这个，你再看看
没有你说的这个哦，你是不是看错了
过几天你再来电吧
这个需要您自己来电办理
等你自己拿到手机再打电话处理好吧
这信息我这里查不到也看不到，你自己去查
这个不是我们银行的
你自己查下看吧
你自己操作一下呗，有问题联系我们
我们只处理我行的信用卡这方面业务，其他不清楚
很抱歉，这个是有时间限制的，你得按活动要求参加
这个我们无法直接换货，你可以联系供应商看看
这活动不是我行的，我不清楚
是需要这样的时效，你再等等好吧，有结果再联系你
要是需要投诉的话，可以拨打我们的客服热线
要是需要更换客服的话，您可以重新拨打
现在我接听您的电话，换不了其他客服
你的卡不符合这个活动，参加不了
微信、动卡空间都可以查，您自己看
XX时间可以收到，你等等好吧
已经有记录反馈你的事情了，正在处理
活动规则在页面已经有写，你自己看下
活动要求的就是这样
要不这样吧，我帮您转介之前的同事协助跟进联系你吧。
给您回电话是么？要不您自己再来电话吧
我明天休息，处理不了。您自己再来电话和同事说一下就行了
现在系统在清算，处理不了。明天我也回不了电话
先生/女士，您用卡以来的还款记录，有很多笔的，我给您补发账单，您自己看一下吧
解释了这么久，要不您再来电话问吧
转介主管/经理，也是这样的处理方案。不行也没办法了
就是这个情况，您自己先通过微信/动卡空间查一下吧，好吧
我给您保险公司的电话，你先问一下吧",0.8,all,推诿,0.5,"这么麻烦
太难刷了
跑太远了
可打通了
已下表反馈
操你妈地
那我不管
你们搞鬼呀
要有个说法
我要投诉"
cbcefb70-396c-4e72-ab40-bf98edfb97cb,"没有明白你的意思
是这样的吗？
不知道你在说什么
不知道你是什么意思
再说什么乱七八糟的
说的什么鸟语
你是外国来的吗
到底再说什么
你能不能好好说话我不懂
简单的说好吗
您再说一次吧
没听清楚，您刚刚说的是什么
您说的是不是这个意思
您的意思我好像有点不明白
您能把您的问题描述详细一点吗
我还是不很清楚您的意思
您的意思可能描述的不够清楚
我可以不可以这么理解
差不多是这个意思吧
有可能是信号不好，没有听清楚
我这么理解您的意思对不对
很抱歉，我是没有听明白
不好意思你能说再大声点吗
你的意思我真的不明白，有没有旁边的人帮你再讲一遍
我想这应该差不多就是你的意思了吧
我还是理解不了你的意思
你说的太复杂了
你说的我听不明白
听您说话有点点累
难道不是这个意思吗
不好意思，没有听清
不好意思，麻烦您再重复一遍
不好意思，您的声音有点小
信号不太好，没听清楚
我不太明白您的意思
您说的我不太懂
您讲的有点快
你能说简单点吗？
我有点理解不过来
您讲得有点深奥
您讲的有点复杂
你说的太多啦？
稍等一下，我捋一下思路
我不太明白您的意思
不知道你说的是什么
不好意思，没听清
您是说，要查询账单么？
不好意思，你能慢一点么，听不清楚
打断一下，你是要查询账单么？
你说的是什么意思？
我不懂您的意思
麻烦您说清楚一点
您说这么多我都不太懂您说的是什么
很抱歉，烦请说慢一点
请问您说的活动是叫什么名字呢
请问您说是什么呢？
不知道你说的是什么意思
您说了这么多我都听不懂您的意思
不好意思，您说的是什么
不好意思，您刚刚说的没听清，请再说一次
你到底想要表达什么
你到底是要办理什么业务
你的需求到底是什么
什么，你再说一次，刚才没听清
您说的是这个意思吗
可能听的不是很清楚
还有其他的吗
我不是很理解
不好意思，声音有点小
是这样的对吗
可能刚才信好不好，您再说一次
先生，您那边有点嘈杂
嗯嗯，说的是这个吗
您再复述一下
问的是这个吗
我再确认一下，您看您是不是办理这个业务
您问的我这样子理解对不对呢
我不是很明白
我忘了您的问题了
您是要查账吗
您第二个问题是什么
我听不懂您的意思
您可以解释得清楚一点吗
你说话太快我听不懂
您重新说下您的需求
可能信号原因，没有听清您需要办理的业务
您说得太快了
不好意思，您那边声音有点小，听不清楚您说什么
抱歉我听不明白
不好意思，您旁边有人帮您说明一下吗
您刚刚说是要办理这个业务吗
您说的是这个吗？
您的声音太小，请您大点声
请问您说的是这个活动吗
不明白您的意思
您能不能说慢点
你到底知不知道我再说什么
换个人，找你们主管
你怎么就上岗了
你听不懂是吧
请问您说的是这个活动吗
你说话太快我听不懂
您重新说下您的需求
您说的是不是这个意思
您说的是这个吗？
再跟您确认一下
我没有听懂，你能再说一次
可能是我理解有误，没有明白你的意思
你那边是信号不好吗
你说话能慢点吗？听不清你说什么
不好意思，我理解错了
你的声音太小了，能再说一次吗
你能解释得清楚些吗
你是这个意思吗？
你的方言我听不懂
你直接告诉我你要办理什么业务吧
我怎么越听越糊涂啊
你到底是什么意思
你能说的明白点吗
啊？你说什么
你可以不要表达那么多，告诉我要我怎么处理吧
你是要办理这个业务吗？
我再跟你确认下，你是这个意思是吗
我不是这个意思
你有没听我说话？
我不想再说一遍了！
不好意思刚没听清楚，请您重复一下
您刚才说的是。。
你懂不懂我在说什么？
你不知道这个业务吗？
你没有听错，是这个意思
我再给你说一遍
你说的是人话吗？
你还不明白吗？
你能不能理解
还要我再说一遍吗？
你能不能听懂人话
你耳朵聋了吗?
你耳朵塞驴毛了吗？
你他妈有没有听我说话？
你是干什么吃的？
麻烦你听清楚好不好
没有明白您的意思
麻烦您说的更清楚
您是这个意思吗？
您是需要我为您做什么？
您说的不太清楚
麻烦您重复一遍
可能不是很清楚您的需求
您的需求是什么呢
我再和您确认一遍
您的需求是XXX
我理解的您是这样？
你觉得是这样吗
哦，我没有听明白您说的
对不起，我不知道你在说什么
你说的我不理解
啊？什么东西
可以不要说方言吗
说的太多了，能慢点吗
可以大点声吗
好的，刚才没听清楚
您可以重新说您的问题吗
麻烦说一下主要问题
抱歉，还是没有听懂
您说的太复杂了
能简单点说您的问题吗
您这边信号不好
能把问题再重复一下吗
您说的问题我不知道
您说的我再确认一下
您的问题是我理解的这样吗
您说的太快了
我不了解您说的
没有听懂您的意思，再说一遍
你可以再重复一遍吗
你说的太快了，再说一次
听不清楚，在重复一次
信号不好，没有听清楚
声音太小了，可以再大点声吗
刚才没听清楚，再说一下
您可以重新说一下您的问题吗
你能告诉我你主要办理什么业务吗
您直接告知我的需求就好了
我没有听明白
您是要办理这个业务吗
我不能理解你说的
我再次帮您再核实一次您需要办理的业务
您的问题是我说的这样吗
我再确认一下是这个吗
您说的是不是这个
你说的太多了，是这个意思吗
可以说的在简单点吗
我没有明白你的意思
你说的是我们银行的活动吗
你再说一遍你想问什么
我不知道你想说什么
你想说的重点是什么，我没听懂
你说的是什么什么吗
你说的是这个意思吗
你说这么多，你就直接告诉我你想办什么业务
我听的不是很清楚
我再跟你确认一下你想问的问题
我说的就是你问的问题啊
麻烦你再说一次
我不知道我理解的对不对
你所说的意思好像不是这个问题
啊，你说的是啥呀
哦，我可能不是十分明白和理解你说的
喔，我不确定我说的对不对
原来你是这个意思 
你到底想问什么呢
你是什么意思 
为什么这么说
我不是不相信你
您再说一次吧
没听清楚，您刚刚说的是什么
您说的是不是这个意思
您的意思我好像有点不明白
您能把您的问题描述详细一点吗
我还是不很清楚您的意思
您的意思可能描述的不够清楚
我可以不可以这么理解
差不多是这个意思吧
有可能是信号不好，没有听清楚
我这么理解您的意思对不对
很抱歉，我是没有听明白
不好意思你能说再大声点吗
你的意思我真的不明白，有没有旁边的人帮你再讲一遍
我想这应该差不多就是你的意思了吧
我还是理解不了你的意思
你说的太复杂了
你说的我听不明白
听您说话有点点累
难道不是这个意思吗
您的需求是什么呢
现在需要我怎么帮您处理
哪我不知道他怎么跟您说的
您是指什么呢
您刚刚说的是还款的吧
不好意思，您说要改什么呀
不好意思，您刚刚说什么限额的？
这边有关于什么问题的？
您好，您要办理什么业务？
抱歉，刚刚信号卡住了一下，您说信用卡怎么了？
就是额度没有了是吗？
您是要把这两个卡都注销吗
不好意思，刚刚没有听清
您可以再重复一下吗
你刚说的什么？
我还没听明白你的意思
你是说。。。
你的意思是。。。。
你信号不好，麻烦移动下位置
你那边声音比较嘈杂，我听不清
麻烦你到一个安静点的地方
啊？你说什么
先生，麻烦你再说一遍
你刚刚说的比较快，我没有记住
你能换一个方式说嘛，我不太理解
你能讲普通话吗，方言我听不懂
这有这么难懂吗
我再确认一遍，是不是这样
是你理解有问题，还是我没有说明白
不好意思，没有听清
不好意思，麻烦您再重复一遍
不好意思，您的声音有点小
信号不太好，没听清楚
我不太明白您的意思
您说的我不太懂
您讲的有点快
你能说简单点吗？
我有点理解不过来
您讲得有点深奥
您讲的有点复杂
稍等一下，我捋一下思路
我不太明白您的意思
不知道你说的是什么
了解什么，听得不太清楚
操作什么，您再说一遍
您说贷款怎么啦
都有什么业务，什么意思啊
信号不好，听不清楚
您是查询账单吗
您目前的需求是？
不好意思，刚刚未听清，您重复一下
没有理解您说什么
我不明白您的意思
您需要我做什么
您的方言我不懂，能用普通话重复一下吗
您再重复一下可以吗？
可能信号原因，没有听清您需要办理的业务
您能说普通话吗
您说得太快了
请您说得慢一点
不好意思，您那边太吵了，听不清楚您说什么
您说的是这个吗？
您能说一下可以吗
我再重复一下，您看您是不是办理这个业务
我不是很清楚
我再和您重复一下
抱歉，还是听不明白
我可以再问下是这个问题吗
对不起，您的意思我还是听不明白
您可以让家人帮您表述下嘛
您会讲中文吗
可以让分行同事帮您表述下
不好意思，我没听明白您的意思
不好意思，没有听太清楚，麻烦您再重复一遍
你能用普通话再说一遍吗？
您那边信号不太好，麻烦您调动下位置
您的意思是…
不好意思，我没太理解您的意思
啊，啥意思？
你想表达的是什么？
你刚才是想查询什么，本期账单吗？
您慢一点，我没听明白
请您表达清楚一些
你能麻烦旁边的朋友或是家人代转述一下吗？
你到底想咨询的是什么呀？
您的需求是？
你到底想办理什么业务？
不好意思，不明白您的意思
我还是不理解您说的意思
麻烦您重复需求
请您再说一遍
非常抱歉，请您讲一下普通话
不好意思，可能信号不好，请您再重复一下
您刚刚是说要查询额度还是欠款呢？
是我理解的这个意思吗？
我再给你重复一下需求看对不对
我没有听明白
请问我理解的对吗？
刚刚没有听清
刚刚信号不好，请再重复一遍
不知道我理解对的对不对
不好意思，我听不懂
我不明白什么意思
你再说一次，我这次一定认真听
我再确认一遍
你说的是什么意思？
不好意思，您能否重复一下
不好意思，没有很清楚你要办理什么业务
请问先生您说的是XXX意思吗？
不好意思，刚才没有听得很清楚，您能否再重复一下问题？
刚才信号不是很好先生
先生您能否再重复一下？
你刚才是咨询XX问题吗？
您能否说清楚点你需要办什么业务呢？
我没明白你说的是什么
抱歉，没听清您的需求
您的需求是？
您刚才问的问题比较多，您再重复一下
您刚才要查询的是这个吗？
你说的太快了，我这边记不住
啊?您再说一次，好吗
什么？再说一声
我听得不是很清楚
您再重复一下可以吗？
可能信号原因，没有听清您需要办理的业务
您说得太快了
请您说得慢一点
不好意思，您那边声音有点小，听不清楚您说什么
请问，您说的是这个吗？
您能说一下可以吗，不好意思
我再重复一下，您看您是不是办理这个业务
我不是很明白您的意思
我需要再帮您再核实一次您需要办理的业务
不好意思，没听懂
我可以再确认一下吗，您的意思是
您说的是这个意思吧
对不起，我实在听不明白，麻烦可以换个说法
再说一下您办理的业务可以吗
那您希望我怎么处理？
我不明白您的意思！
我理解不了！
您说的是什么问题啊？
我真是听不懂您的需求！
您到底让我们帮您什么呢？
您说了这么多，重点是什么？
什么，您说的是什么？
您再重复一次好吗？
您是说您本期账单的吗？
你需要我做什么呢？
您报的太快了，您能一个字一个字的报给我吗？
您说的速度真的太快了，我们是要手动输进去的！
那您需要我帮您做什么呢，您正面告诉我一下行吗？
您说的不是要取消这笔分期吗？
不好意思，我刚刚确实走神了，没听清楚您的需求！
对不起，我以为您是要把这笔分期提前缴款的，我现在已经给您操作了！
非常抱歉了，您的方言我真的听不懂，您再试着讲讲普通话吧！
不好意思，您上次说这个问题我可能没听到，我只给您核实了9分享兑这个活动，9元观影的还得再核实一下！
您是说您的积分怎么了呢？
你能不能用普通话说一下，我听不懂你再说什么
你能简答点说吗，你那样说我听不懂 
可能信号不好，你再说一遍吧 
麻烦你不要用方言好吗，我听不懂
麻烦你直接告诉我，需要我怎么帮你就可以了 
你再说下你的需求，刚刚你说的太快了，谢谢 
你说的还是不明白，你慢一点表达好吗 
你刚刚说的是这个意思吗？ 
你太着急了，麻烦你想清楚了，再说一次你需要我怎么帮你 
你说的太复杂了，你到底遇到什么问题了 
哎，怎么我问的，你就不懂呢 
我已经说了好几次了，你怎么就不明白呢
你说的，应该是这个意思吧？
你刚刚说的，我这么理解没错吧？ 
你说的实在听不懂，你身边有亲人朋友没，让他们帮你一下 
我还是不太明白，你能简单点不
别着急，你把你遇到的问题直接告诉我
麻烦你不要讲太多好吗，你困扰的地方是什么呢？
没听清楚，你那边可能太吵了，您刚刚说的是什么，慢点再说一次 
非常抱歉，麻烦您再重复一下
没有明白您的意思
您想让我怎么处理呢
您说下您的需求
刚刚没有听清楚
您能再说一遍么
你想表达的是什么呢
我听不明白您说的
我没理解您的意思
您说的是这个意思么？
没听懂您什么意思
您能用普通话再说一遍吗
刚刚信号不太好，您再说一遍
您是放了外音吗？麻烦您关一下，再重说听下
不好意思，刚刚没有理解您的意思
您刚刚说的是这个意思吗？
我再跟您确认一下
我没有懂你的意思，麻烦再说一下
什么什么？我没有听懂，请再说一下
我不太清楚你的问题，麻烦再重复一下
你那边信号不好，我没有听清
你可以移动一次位置吗？我没有听到你的问题
什么，我没有听到
听不清，请你在说一遍
你问的是这个吗？
是这个意思吗？还是这样呀？
你可以不要说方言吗？我真的不知道什么意思
你能说一下普通话吗?
啊！你什么意思？
我真的不知道你说了什么？
你那遍真的信号不好，根本听不清？
什么？我都没有听到你的声音？
你具体需要办理哪方面的业务呀？
你可以形容一下，是什么方面的业务呢？
你是在哪里看到这个业务的呢？或者你可以说一下那上面写了什么业务吗？
什么，你再说一次，刚才没听清
您说的是这个意思吗
可能听的不是很清楚
还有其他的吗
我不是很理解
不好意思，声音有点小
是这样的对吗
可能刚才信好不好，您再说一次
先生，您那边有点嘈杂
嗯嗯，说的是这个吗
您再复述一下
问的是这个吗
和您确认一下
我再确认一下，您看您是不是办理这个业务
您问的我这样子理解对不对呢
我不是很明白
你先听我说好吧
您到底是要办理什么
你到底明白我意思没
你说的对不上吧（质疑客户）
哦，我看错了
没明白你什么意思
再哪看到的活动，我没查到
你就直接说是活动是什么名字就行了，我查
我正在查好吧
请问到底是什么业务需要确认的？
麻烦完整告诉一下我活动名字，我好查询好吧
您能再说一遍么？
刚才信号不好，没有听清楚，麻烦您再说一下您的需求
那您需要我帮您做什么呢？
我不懂你的意思，你再说下吧~
您能慢点么?
不好意思，我没太明白
不好意思，我没太理解您的意思
不好意思，我没太清楚
您刚才是要办理什么业务呢
您刚才是说要办理XX业务么
那您究竟要我做什么
您能方便讲普通话么？我听不太懂您的方言
麻烦您再说一下
您要我怎么做
您说的太快了，麻烦您慢一点再报读一下，我要录入的啊
我还是没太理解
那你现在要我怎么处理呢
能再重复下你刚才的问题吗？
不知道你想表达什么意思？
我听不懂你的方言
能再说一遍吗？
啊，你刚才是说什么？
什么？没听清楚
再说一次，你遇到什么问题了？
没太听懂，能再描述下么？
我不是很理解你的意思
再跟你确认一次吧
信号不太好，你再说一次吧
声音太吵了，听不清楚
你看你刚才说的是不是这个？
你再慢点儿重复下吧
你说的太快了，我听不清楚
要不你让其他人代你说下？
你直接告诉我，你想要办理什么吧
啊，没听懂，再说一次吧
没有听清楚麻烦您重新说一下
不好意思听不太清，您方便把声音调大一点吗
您说慢一点听不太清楚
没有太听清您的意思，可以稍微再讲慢一点吗
可以再说一次吗没有太听清
我没听清您说什么呢
很抱歉，您再重复一下
没有太理解您的意思
我这样理解对吗
信号比较弱您可以移动下位置重复一下吗
您可以讲普通话吗听不懂您说什么
您想表达的是什么
您具体是要办理什么业务
不好意思没明白您的意思
啊？什么？您再说一下
是这个意思吗？
我大概明白了
您讲的太快没太清楚您的问题
您问的不是这个吗
那麻烦您直接告诉我您的需求是什么
非常抱歉，刚没有听到
再重复下您的问题
您刚说是要查询**是吗
没有听懂您的意思
我哪里没说明白，您说
不就是我刚给你解释的吗
和您说的不是一个意思吗
哪里不对您再说一遍
我没办法给你解释了
我说不明白给你反馈吧
实在不懂您在说什么
不好意思刚刚没有留意到你说什么
刚刚没有记下来你说的
你再说一遍我现在给您记录
等一下，我刚没听到
你要查的不是这个吗
您是这个意思吗
不好意思没有理解您说的，麻烦再说下
我不清楚你说的
你能再说一次吗？
你的意思是什么？
你说的是这个吗？
我不懂你再说什么
你边上有人吗？让她帮忙说一下
您直接把你的需求告诉我就可以了
啊？你说的有点快
你再重复说一次吗？
你能换个方式说吗？
我跟你再确认一遍
你说的是这个吗？
你能说得更清楚些吗？
原来是这个意思啊
你能说得再慢一点吗？刚刚没听明白
不好意思，刚刚忘记你的问题了
不懂你说的什么意思
你再重复一遍
你要办理什么业务
你刚才说的是什么
你能讲普通话吗
请你用普通话交流好吗
你能再说一遍吗
不懂你的意思
不好意思，你再重复下
你要投诉什么
不知道你要干什么
你能说的慢一点吗
麻烦你再说一遍
没太明白你的意思
你是这个意思吗？
你要我怎么帮到你？
你想我们怎么做？
你要想什么赔偿？
你直接说，想要多少补偿吧？
你是要这样吗
听不清楚，你再说一变
不明白你的意思
你要什么解决方案
你直接点吧，别拐弯抹角
没有听懂您的意思，再说一遍
你可以再重复一遍吗
你说的太快了，再说一次
听不清楚，在重复一次
信号不好，没有听清楚
声音太小了，可以再大点声吗
刚才没听清楚，再说一下
您可以重新说一下您的问题吗
你能告诉我你主要办理什么业务吗
您直接告知我的需求就好了
我没有听明白
您是要办理这个业务吗
我不能理解你说的
我再次帮您再核实一次您需要办理的业务
您的问题是我说的这样吗
我再确认一下是这个吗
您说的是不是这个
你说的太多了，是这个意思吗
可以说的在简单点吗
不好意思，没听到
不好意思，没听懂
不好意思，不明白您的意思
我还是不理解您说的意思
麻烦您重复需求
非常抱歉，请您讲一下普通话
不好意思，可能信号不好，请您再重复一下
是我理解的这个意思吗？
我再给你重复一下需求看对不对
我没有听明白
请问我理解的对吗？
不知道我理解对的对不对
不好意思，我听不懂
你是说……，是么？
听不明白你的意思。
你能表达清楚一些么？
你说的是什么？
不理解你说的，你再重复一下。
你说得太快了，我不明白你的意思。
不好意思，你再重复一下问题，我忘记了。
信号太差了，你能重复一下么。
你能说得简单一些么。
你说的复杂了，是不是这个意思。
你的意思是不是？
你能说慢一点么。
你怎么都听不明白我说的呢。
你是新来的吧，理解能力这么差。
请再重复一下你的需求。
你是想要这样么？
你声音可以再大一些么
刚没听明白你的需求，请再重复一遍。
你能换个方式描述么，不太明白你的意思。
什么这个还到几月份
你听的懂听不懂啊
没有明白你的意思
麻烦您再重复一下
你刚才是要办理什么业务
你刚才是要查询什么内容
我没太理解您的意思
麻烦您说一下普通话
您是说。。。。
您到底是什么意思呢
麻烦说慢一点
您到底是办理什么
抱歉我还是不明白
请您说清楚一点
我不懂您的意思
您是说什么？
我说的就是你问的啊
您的重点是什么呢
您就直接告知我是什么业务
您说的好像不是这个问题
可以大声点吗
原来你是这个意思 
你到底想问什么呢
你是什么意思 
为什么这么说
你重新说一下需求
我说的就是这个意思
一样的啊，就是这样的
怎么就听不明白呢
听不懂你的问题
可以用普通话重新说一下吗
你的方言我听不懂
请你表达清楚些
旁边有家人可以说一下问题吗
不好意思，可以重新说一下问题吗
信号不好，我没有听清
请你再说一遍好吗
啊！重复一遍
你说什么呀！我没有明白
您刚才说什么
你讲什么内容，没有听清
没有听清，你再重复一遍
没有明白你说的什么内容
你方言听不懂
没有明白你的意思
你讲什么内容，没有明白
你说的是什么意思
你想表达什么
没有明白，能简单描述吗？
能不能慢点说
慢点说，好吗
你讲这么快我都没有听到
你能不能说普通话，根本听不懂
鸟人说什么呢
能不能用正常语速说话
您是要办理**业务是吗？重复N遍
啊，没听清，您重复一下
您说的什么我没明白
你能说普通话吗，听不懂
您能说慢一点吗，我没明白
你刚刚不是问的这个问题吗？
好的，我了解了
我不是这个意思，你在说什么啊
你的别人家乡话 我听不懂
你是要办理什么业务呢？
你能再说清楚一点吗，你说的信息太少我不明白
哦原来您是这个意思啊
你信号不好，方便挪动位置吗？
您声音太小了，我听不清
没懂你说的什么意思，可以重复一下吗
你说话的语速太快，我不理解
你看你说的是不是这个意思
您直接告诉我你要办理的业务
你的问题是什么
你说的再清楚一些可以吗",0.8,all,把握需求,0.5,"你说什么
没听到
你再说一遍
听不懂
什么鬼
什么东西
不太理解
我不懂
您说什么
再说一遍
没听懂
没有错吧
您刚说什么
听不清
信号不太好
您再说一遍
我没听清楚
你不懂我
不懂
请您说重点
不是很理解
信号不太好
什么东西
我不太懂
这样可以吗
什么问题
你说啥
你说什么
你问这个啊
你说的是
什么东西
慢一点
不太理解
什么东西
我不懂
您说什么
没有听清楚
什么意思啊
还是不懂
你说什么
您重复一下
听不懂
你说什么
没听明白
没有听清楚
你再说一下
听不清
你说什么
在重复一遍
我没有懂
没听懂
没有错吧
您说什么
没有听清楚
你说错了
刚刚没注意
你再说一次
再重复一次
你说啥
你是说
您刚说什么
你说什么
你再说一遍
什么意思
你的意思是
听不清楚
没太听清
我没太理解
重复下好吗
你说什么
听不清
你什么意思
你想怎样
你要搞什么
你想弄哪样
你想怎样
你要什么 
什么问题
您再说一遍
你说什么
您重复一下
您说什么呢
再说一遍
请听我说
你说什么
你问这个啊
你慢点说
说什么鸟语"
